--
-- PostgreSQL database dump
--

-- Dumped from database version 15.2 (Debian 15.2-1.pgdg110+1)
-- Dumped by pg_dump version 15.2

-- Started on 2023-05-09 17:48:18 UTC

SET statement_timeout = 0;
SET lock_timeout = 0;
SET idle_in_transaction_session_timeout = 0;
SET client_encoding = 'UTF8';
SET standard_conforming_strings = on;
SELECT pg_catalog.set_config('search_path', '', false);
SET check_function_bodies = false;
SET xmloption = content;
SET client_min_messages = warning;
SET row_security = off;

--
-- TOC entry 5 (class 2615 OID 16394)
-- Name: public; Type: SCHEMA; Schema: -; Owner: fox
--

-- *not* creating schema, since initdb creates it


ALTER SCHEMA public OWNER TO fox;

--
-- TOC entry 3376 (class 0 OID 0)
-- Dependencies: 5
-- Name: SCHEMA public; Type: COMMENT; Schema: -; Owner: fox
--

COMMENT ON SCHEMA public IS '';


SET default_tablespace = '';

SET default_table_access_method = heap;

--
-- TOC entry 218 (class 1259 OID 16450)
-- Name: Category; Type: TABLE; Schema: public; Owner: fox
--

CREATE TABLE public."Category" (
    id text NOT NULL,
    name text NOT NULL,
    "imageId" text
);


ALTER TABLE public."Category" OWNER TO fox;

--
-- TOC entry 219 (class 1259 OID 16457)
-- Name: Image; Type: TABLE; Schema: public; Owner: fox
--

CREATE TABLE public."Image" (
    id text NOT NULL,
    link text NOT NULL,
    name text NOT NULL
);


ALTER TABLE public."Image" OWNER TO fox;

--
-- TOC entry 217 (class 1259 OID 16442)
-- Name: Product; Type: TABLE; Schema: public; Owner: fox
--

CREATE TABLE public."Product" (
    id text NOT NULL,
    price double precision NOT NULL,
    contain text,
    "categoryId" text NOT NULL,
    "imageId" text,
    "createdAt" timestamp(3) without time zone DEFAULT CURRENT_TIMESTAMP NOT NULL,
    "updatedAt" timestamp(3) without time zone NOT NULL,
    name text NOT NULL
);


ALTER TABLE public."Product" OWNER TO fox;

--
-- TOC entry 216 (class 1259 OID 16425)
-- Name: RefreshToken; Type: TABLE; Schema: public; Owner: fox
--

CREATE TABLE public."RefreshToken" (
    id text NOT NULL,
    "hashedToken" text NOT NULL,
    "userId" text NOT NULL,
    "createdAt" timestamp(3) without time zone DEFAULT CURRENT_TIMESTAMP NOT NULL,
    "updatedAt" timestamp(3) without time zone NOT NULL
);


ALTER TABLE public."RefreshToken" OWNER TO fox;

--
-- TOC entry 215 (class 1259 OID 16407)
-- Name: User; Type: TABLE; Schema: public; Owner: fox
--

CREATE TABLE public."User" (
    id text NOT NULL,
    password text NOT NULL,
    "createdAt" timestamp(3) without time zone DEFAULT CURRENT_TIMESTAMP NOT NULL,
    email text NOT NULL,
    "updatedAt" timestamp(3) without time zone NOT NULL
);


ALTER TABLE public."User" OWNER TO fox;

--
-- TOC entry 214 (class 1259 OID 16395)
-- Name: _prisma_migrations; Type: TABLE; Schema: public; Owner: fox
--

CREATE TABLE public._prisma_migrations (
    id character varying(36) NOT NULL,
    checksum character varying(64) NOT NULL,
    finished_at timestamp with time zone,
    migration_name character varying(255) NOT NULL,
    logs text,
    rolled_back_at timestamp with time zone,
    started_at timestamp with time zone DEFAULT now() NOT NULL,
    applied_steps_count integer DEFAULT 0 NOT NULL
);


ALTER TABLE public._prisma_migrations OWNER TO fox;

--
-- TOC entry 3369 (class 0 OID 16450)
-- Dependencies: 218
-- Data for Name: Category; Type: TABLE DATA; Schema: public; Owner: fox
--

COPY public."Category" (id, name, "imageId") FROM stdin;
25c73d12-9ea3-403e-a90e-7c7085fe6426	OХОТНИЧЬИ ТРОФЕИ	cf5aaea1-49c3-480b-949a-5e21ee822272
eefae680-244a-437c-973f-e52d238ceacd	САЛАТЫ И ЗАКУСКИ	8c124da4-bab2-4d2e-b3e4-78b00b08476b
20904a13-1b0d-42b8-a3f4-956a1651fc18	СЛАСТИ	c38460c7-dba1-4054-a4c1-44545f1f937f
\.


--
-- TOC entry 3370 (class 0 OID 16457)
-- Dependencies: 219
-- Data for Name: Image; Type: TABLE DATA; Schema: public; Owner: fox
--

COPY public."Image" (id, link, name) FROM stdin;
f04e61ca-c27c-40be-bcc6-fa280442c771	http://localhost:3000/uploads/1683542502945.webp	1683542502945.webp
ef312dac-9b30-465c-8a33-4b2961fb59b3	http://localhost:3000/uploads/1683542877514.webp	1683542877514.webp
b7ba1010-0c04-4a34-a756-415ad40ed331	http://localhost:3000/uploads/1683616654298.webp	1683616654298.webp
7e026f61-da3b-40f0-96c3-68d43069b238	http://localhost:3000/uploads/1683616773181.webp	1683616773181.webp
91165473-11a5-49b6-bc81-8ac8e346a1cb	http://localhost:3000/uploads/1683616920118.webp	1683616920118.webp
8a39c704-4d93-4f36-83c5-67866d45a939	http://localhost:3000/uploads/1683617313220.webp	1683617313220.webp
ebcd009b-98d0-4eae-9e29-aec7775ebad2	http://localhost:3000/uploads/1683617336312.webp	1683617336312.webp
ab8165a9-16e2-432f-9f0a-8ee628614e87	http://localhost:3000/uploads/1683617356712.webp	1683617356712.webp
abcc0ef5-b613-4e00-93a1-249096a62bb0	http://localhost:3000/uploads/1683617618002.webp	1683617618002.webp
46c675a1-7dba-4f22-87aa-d6e26727b0a2	http://localhost:3000/uploads/1683617640927.webp	1683617640927.webp
2c91f127-b4b4-4537-bb08-2b157470125d	http://localhost:3000/uploads/1683617657293.webp	1683617657293.webp
04ca7847-6f27-4fd5-ab63-96d784f56870	http://localhost:3000/uploads/1683617672742.webp	1683617672742.webp
fb6a7854-60f6-4853-bb98-fc3c0679ecdb	http://localhost:3000/uploads/1683617683645.webp	1683617683645.webp
dc41974d-66e0-44af-8a27-d3d33afa3bf4	http://localhost:3000/uploads/1683617703445.webp	1683617703445.webp
2036fcd6-6d4d-45a6-8341-c2e6ed1891c1	http://localhost:3000/uploads/1683617735279.webp	1683617735279.webp
be9f2a49-fa47-4e7a-8e4d-8197e69634d8	http://localhost:3000/uploads/1683617750645.webp	1683617750645.webp
280c418c-e3c8-40c9-9e6c-044b1b8e3901	http://localhost:3000/uploads/1683617810676.webp	1683617810676.webp
c7859572-f78f-4972-9de0-447fb47d48ac	http://localhost:3000/uploads/1683632563352.webp	1683632563352.webp
daa4d00f-a431-43f8-849c-8c5f2ff46a2a	http://localhost:3000/uploads/1683632585417.webp	1683632585417.webp
3cd09f48-8929-4902-9179-722ab82befbc	http://localhost:3000/uploads/1683640344015.webp	1683640344015.webp
c68dda68-dbc9-4c30-bd67-3c0f8182f3fe	http://localhost:3000/uploads/1683640375689.webp	1683640375689.webp
3632d64f-0ff7-42c1-9180-c9de9e20c28b	http://localhost:3000/uploads/1683640564003.webp	1683640564003.webp
c38460c7-dba1-4054-a4c1-44545f1f937f	http://localhost:3000/uploads/1683642721593.webp	1683642721593.webp
cf5aaea1-49c3-480b-949a-5e21ee822272	http://localhost:3000/uploads/1683642781983.webp	1683642781983.webp
00e6dca3-7139-4f14-8f54-a657f130bb23	http://localhost:3000/uploads/1683642793236.webp	1683642793236.webp
8c124da4-bab2-4d2e-b3e4-78b00b08476b	http://localhost:3000/uploads/1683642799854.webp	1683642799854.webp
3fc36b2f-5e69-4ccd-b1b5-dd43021f47a3	http://localhost:3000/uploads/1683642918468.webp	1683642918468.webp
a84e528c-3d5e-4cf8-bc0d-8bf1a86d29b7	http://localhost:3000/uploads/1683643148018.webp	1683643148018.webp
a1de4964-fa46-4eb2-bf93-b9a31004abbb	http://localhost:3000/uploads/1683643340839.webp	1683643340839.webp
1ece6ee2-ed64-4284-b09f-da0a6a8a101d	http://localhost:3000/uploads/1683643799241.webp	1683643799241.webp
2e75225a-96dd-4338-bd36-13d770df123b	http://localhost:3000/uploads/1683651197100.webp	1683651197100.webp
0104ba45-e173-4cb4-a03d-283c677d4931	http://localhost:3000/uploads/1683651288869.webp	1683651288869.webp
\.


--
-- TOC entry 3368 (class 0 OID 16442)
-- Dependencies: 217
-- Data for Name: Product; Type: TABLE DATA; Schema: public; Owner: fox
--

COPY public."Product" (id, price, contain, "categoryId", "imageId", "createdAt", "updatedAt", name) FROM stdin;
86d87147-9885-48e9-98b9-bc7a1beff3e6	2800	Подается с бруснично-винным соусом, сладкой грушей и картофельными крокетами с сыром	25c73d12-9ea3-403e-a90e-7c7085fe6426	3fc36b2f-5e69-4ccd-b1b5-dd43021f47a3	2023-05-09 14:36:05.954	2023-05-09 14:36:05.954	Жаркое из кабана, прославленное великим князем Гедиминасом
f2cb0855-f651-4961-b32c-4c7dc7bddfcb	980	Подается в башмаке	25c73d12-9ea3-403e-a90e-7c7085fe6426	a84e528c-3d5e-4cf8-bc0d-8bf1a86d29b7	2023-05-09 14:40:18.62	2023-05-09 14:40:18.62	Тушеное мясо Кот в сапогах
ef4f329a-be8c-4b3c-8080-04df3c3bf0d1	3000	с соленой карамелью	20904a13-1b0d-42b8-a3f4-956a1651fc18	a1de4964-fa46-4eb2-bf93-b9a31004abbb	2023-05-09 14:42:34.891	2023-05-09 14:42:34.891	Ореховая тарталетка
567c2042-8768-4f51-90fe-68ab406d5145	4500	с травинушкой	eefae680-244a-437c-973f-e52d238ceacd	1ece6ee2-ed64-4284-b09f-da0a6a8a101d	2023-05-09 14:50:23.23	2023-05-09 14:50:23.23	Раки
\.


--
-- TOC entry 3367 (class 0 OID 16425)
-- Dependencies: 216
-- Data for Name: RefreshToken; Type: TABLE DATA; Schema: public; Owner: fox
--

COPY public."RefreshToken" (id, "hashedToken", "userId", "createdAt", "updatedAt") FROM stdin;
a6bb4281-83f8-4d93-8c78-4eabe4c6480d	eyJhbGciOiJIUzI1NiIsInR5cCI6IkpXVCJ9.eyJ1c2VySWQiOiJmMzNkZGU5MS03Yzc3LTQyNmUtODg1ZC03NTQ3ZjlmZGFjNjgiLCJ0b2tlbklkIjoiYTZiYjQyODEtODNmOC00ZDkzLThjNzgtNGVhYmU0YzY0ODBkIiwiaWF0IjoxNjgzMjc3MTM3LCJleHAiOjE2ODMzMjAzMzd9.75JNovSAKBBR6CYplpTsaCG4RlzciCl99aWsVaSGo5k	f33dde91-7c77-426e-885d-7547f9fdac68	2023-05-05 08:58:57.02	2023-05-05 08:58:57.02
9842e62f-5c90-41df-b10f-70e0f9e214e6	9721bf6ecf37a1d4665c67038e2b804ce4268def71b4fd0f7e38ca42c97b92d77799e11f60ec1b4801ce995e32f627a8bb852dd1516baf045727c91b9024cbc1	f33dde91-7c77-426e-885d-7547f9fdac68	2023-05-05 09:03:57.862	2023-05-05 09:03:57.862
e045c490-5433-4ea0-9f7c-b984f3406b81	75bd75f04a5c8824298a4b000fea88dc82c5c934aee7a3d81114935e43c1b2dfb2d0dafcb1af7e0dd1bff99d43917f45142345cee98fb4f2c2bfe691b0854299	f33dde91-7c77-426e-885d-7547f9fdac68	2023-05-05 09:04:40.284	2023-05-05 09:04:40.284
31a8ee43-c1f8-4cfe-9253-2ee2046c71ac	eyJhbGciOiJIUzI1NiIsInR5cCI6IkpXVCJ9.eyJ1c2VySWQiOiI4NjMzYTg3My1mMTQ3LTRhYmEtOTc4Ni02ZjQ1ZjFlNmJmNmMiLCJ0b2tlbklkIjoiMzFhOGVlNDMtYzFmOC00Y2ZlLTkyNTMtMmVlMjA0NmM3MWFjIiwiaWF0IjoxNjgzMzg3OTcwLCJleHAiOjE2ODM0MzExNzB9.8WaFQ7itKdZ72P7FQXRyitEjJ9MMj44g17j3AtFMtzk	8633a873-f147-4aba-9786-6f45f1e6bf6c	2023-05-06 15:46:10.199	2023-05-06 15:46:10.199
4eb3a7cb-ea94-417f-b614-78fece978bc7	029dcca610a818c81d97e81594fe70af33ac3ff6d483f40c3634d50b1825a01075e7d11d5fe4641cdc11e2a59091793c73344c6a0bedad13dbe71994dd0bcc82	8633a873-f147-4aba-9786-6f45f1e6bf6c	2023-05-06 16:06:50.841	2023-05-06 16:06:50.841
9f0a7672-4a07-49f5-8ecb-fba397ae8807	1012e9dccc041b137787c1de75c5ca7cff3f93ef626d718154ce3f288f38425100f35d9b2b662347292843fb74c63330735d97aa89f8ff54fe92847308c0dfe7	8633a873-f147-4aba-9786-6f45f1e6bf6c	2023-05-06 16:08:01.006	2023-05-06 16:08:01.006
f1403f4a-1596-4869-9580-fdcabcbe04e8	801e33b38c1c004c27ab5c2e98b2ad8d3ade97269c6c174f8cc2898190f279f7c5a4282a0d4fcc34736043edfe016b33e31c2e84dc82d088aa8e66f13b25573f	8633a873-f147-4aba-9786-6f45f1e6bf6c	2023-05-06 16:39:55.958	2023-05-06 16:39:55.958
ca658c2c-e906-40e5-8f34-77b36ea61597	37971d1dd97e60f52ad34c163643c8470474a5c23015efbb027d386de81e617fd6181d961369b60407dfe79ef51b4367e0297382040503428f421db97080b4fd	8633a873-f147-4aba-9786-6f45f1e6bf6c	2023-05-06 16:41:30.407	2023-05-06 16:41:30.407
a4e21af3-1dc2-4e74-bcbc-3ab67f75fe1d	5812559cdd856c9885c22bae725cb2edcb52ba63f5f368a23fd131081270ae749e8502a0925d76834d87ff569141723145bd3b2563ce65699c034534d592efff	8633a873-f147-4aba-9786-6f45f1e6bf6c	2023-05-06 16:46:38.444	2023-05-06 16:46:38.444
a560ddad-8ded-4baa-bcbe-8ced4bdc9d71	aa9ee3311be68ace711f85a7e289c9f9554ba4ee5a50df63c11892c9c2b4f05526f67539df44f16ffee8e9886f96d99185c2ad845871c1898a8cf9eb0a5357c8	8633a873-f147-4aba-9786-6f45f1e6bf6c	2023-05-06 16:48:16.037	2023-05-06 16:48:16.037
fc4642a0-93a1-409c-aa01-61386fca9933	b825623eff44fdabb1acd15be066d06a6e0928613e2441e939d71ff393fafbb92415616143a2ef1e2e8e85ef8865cfc753291dd33a790e68cc7e54894a7674aa	8633a873-f147-4aba-9786-6f45f1e6bf6c	2023-05-06 16:52:34.529	2023-05-06 16:52:34.529
113138a8-ee52-4bd1-a39c-04cb0a63250b	9f6a497dd4d0d76084a8fe5c27ef7abd91661a3cb61de7d4672ca98526abb543c4be471c37c5c134743b2f8ecd54f92f0c10be893a4000114a06eba2bc0d1178	8633a873-f147-4aba-9786-6f45f1e6bf6c	2023-05-06 16:55:08.427	2023-05-06 16:55:08.427
96530aa7-5813-42d3-8a90-80da7ef874bf	95414a751d1f3805950c920f2e2dc4cbab911a0371fb2e5be41eff630e233b68cdc37b9cab61d91efaa323631502d689b5a4274dfef92fffb112ce96fd0f5362	8633a873-f147-4aba-9786-6f45f1e6bf6c	2023-05-06 17:06:56.045	2023-05-06 17:06:56.045
80ab56d7-7118-427a-8a97-df9f5e87054b	903bbf9fbc5f13d0367af698428efd8d1635263211d1f0b21adef9651573844c0274f38ccc672683d52584a4f8e264ac15569e28c9415b5194344d68a1d68fd3	8633a873-f147-4aba-9786-6f45f1e6bf6c	2023-05-06 17:18:40.788	2023-05-06 17:18:40.788
f17e9058-0b73-488f-880e-4fabe36e67ec	512d3e2b5bb3bc9688569dbd47c9b50373a1f953c9f0cbe2fa048765401b4b9ddb5af6c4b31789139055dbe9f228412ba2f3a6a3369398b2d14a432afe9364f4	8633a873-f147-4aba-9786-6f45f1e6bf6c	2023-05-07 05:22:55.796	2023-05-07 05:22:55.796
bb83b605-ca78-4986-a2ee-521da03aac84	7f5b3e25cfdcae4cde57478ab9015a53dc4eb18f25d15ee4c1cf97dc92f07bb9810aa627b4dbe3341086f1d1d3a68cdaffdfb3e12109f434a12fe6c92509de51	8633a873-f147-4aba-9786-6f45f1e6bf6c	2023-05-07 05:23:46.907	2023-05-07 05:23:46.907
cbe0ed3b-ed5e-4f03-ac42-231ba73faa9a	112f16fdb6ab5412586463242ab89100d6b268c72747a13fc5edb72a1f1ccb5bc33d5810e8aba1a688d8af42209f3e624c6255d8697ab61999cb0254e8a9f7ba	8633a873-f147-4aba-9786-6f45f1e6bf6c	2023-05-07 05:23:59.619	2023-05-07 05:23:59.619
b39e911c-81c9-49ae-8f9f-26774660c1aa	79af2ce06b6ad611b5b30b9b2a908fbf98f880a0e088b02a32f987f455129fd604a5700d59f14f482d4c2c2a401e8f5c24959f134193864f1ca70b322d8ecebc	8633a873-f147-4aba-9786-6f45f1e6bf6c	2023-05-07 05:25:17.886	2023-05-07 05:25:17.886
7a840bd3-06ae-42fa-a39c-caf7f5a99169	8972e70ba6e1dc2e0029f43a66000d281da743dbd4959f1d5f5ca4e5e7a23bcba328147ab5744440319cda9e75c62ba6fa9d1c4a098e85cb765c3817cd1f567b	8633a873-f147-4aba-9786-6f45f1e6bf6c	2023-05-07 05:25:35.784	2023-05-07 05:25:35.784
2faadf8b-7ae6-41ff-86a6-65e30687f574	f8eae7bfbfec383e75e3423d4d61b2b50c376cd50d33f213cd42e63e4182796678f05784787ebf2461e5eac3aa43fe15d04811df9bc612e121cda31db9bbb434	8633a873-f147-4aba-9786-6f45f1e6bf6c	2023-05-07 05:25:53.232	2023-05-07 05:25:53.232
c48b8201-121a-4371-b738-92ff87b00945	f1df0f7bda67ff0859dcf21fb4f5695f32b360a1fa4c2c6fde0865886c976b6d196847119c792ac4ff62ea26407ea0aba0e63711e5e4a1f791030f11e1cbc5e9	8633a873-f147-4aba-9786-6f45f1e6bf6c	2023-05-07 05:26:12.442	2023-05-07 05:26:12.442
551f13ef-65a5-4cd1-b36a-1ab9a2c14be9	47c27416d95872d33cbc3625eb6b8eb6d1667a9c1206a83d8be363b01e3f5eaaaf9d05cfe7717532b3a36f55ada08d7834d8e3580cb88ad18be54a8335bb10df	8633a873-f147-4aba-9786-6f45f1e6bf6c	2023-05-07 05:26:42.705	2023-05-07 05:26:42.705
50c14a1e-8026-4461-8938-f012f81306e5	255e610aa2d2a85f49b3a7503c136b5d9bb9d7cc5730a604135baf103c3cc126907bcd40167813bbacb1036d20f234c954783b1faef08ac411b2575bec59d490	8633a873-f147-4aba-9786-6f45f1e6bf6c	2023-05-07 05:29:21.078	2023-05-07 05:29:21.078
58990c7d-9a7d-4838-a8bf-0a8abe3dc7b7	2cae1a84e6e72254879b5585f23495c959647e18d4be45b2055843cfcc177db246af2a203afd0ff154d510c988f0da3b2066318d8b9d081e8e53567d3ad99daf	8633a873-f147-4aba-9786-6f45f1e6bf6c	2023-05-07 06:15:52.504	2023-05-07 06:15:52.504
1995bcf7-6cdf-49ae-89db-a26a8d1a01d2	dee95ac62775a1df8dcc7adac4e3d5faf96869f1fc2761a2d449fddf7bcef166844db54be2d21972a40262baf26c648bf856724cbe18f7cb4e177378a1221402	8633a873-f147-4aba-9786-6f45f1e6bf6c	2023-05-07 07:04:38.307	2023-05-07 07:04:38.307
a7a528ff-d47b-4b15-8adc-d3d661ed8596	35ca6ee1758d3cc7b162c840640183f000b7e638d4856b35e36e278d2fa00a06f7ef6f933e6df6b2219876fb74809c9ca533e34e2f56cf382a1a9ba6d90876ec	8633a873-f147-4aba-9786-6f45f1e6bf6c	2023-05-07 07:14:20.62	2023-05-07 07:14:20.62
be8ad5c3-22f0-4545-bd43-a54f7fdb6f4d	d6fd866b77e37e5bb9e3e579d959f58ea6d8ac08e92552c1e9902bd9c4d6d883eeee921c0f1bb23d0d363b85f8265aa9f493d31eaf92b3e55efd0753a821ce8d	8633a873-f147-4aba-9786-6f45f1e6bf6c	2023-05-07 07:14:20.706	2023-05-07 07:14:20.706
505626c5-74e4-4462-96f4-fa32d0f1d290	18409a248743a06f8cff2430f054b9978d61e2c0db9a52738aed9bb5e88543a3982d6777711e11b1a59c86b49f06d00003650a07443ac00650cfc7d7635151e2	8633a873-f147-4aba-9786-6f45f1e6bf6c	2023-05-07 07:16:22.124	2023-05-07 07:16:22.124
b90158af-a27b-4814-a9b2-b2df24f6f62b	5f6f1166b1d67995ff68e3588b86d5c8346968449b3b869a851edcdc4779b097cee7b50ed5df74fa3c5bcca6b0495cee97567767697aabe894cf2f86d53cb5c7	8633a873-f147-4aba-9786-6f45f1e6bf6c	2023-05-07 07:16:22.19	2023-05-07 07:16:22.19
6b76769f-8601-479e-b6ca-3e006928995c	15164972a52f73a4583105b92407eb87c7c5a85eb6c85fbe9a51d8277c8f42c5db3f503aaeefb7579ccc463f52ba1a5ae79a94433527d98c91f125017fc0bd41	8633a873-f147-4aba-9786-6f45f1e6bf6c	2023-05-07 07:22:29.427	2023-05-07 07:22:29.427
28f2e326-aa76-418c-a098-71bd1275a218	9c99854b804d9626007487d69d5ffd643eb5f03fcdb37be66488e1770132d78a4f2efda7a4da310239524d37f4c782a6a35ab78adb2ebe68770ecdd7af8ecaf9	8633a873-f147-4aba-9786-6f45f1e6bf6c	2023-05-07 07:22:41.758	2023-05-07 07:22:41.758
94e1f4b1-13d7-4111-ab3e-680440951981	faad8cf4df36a2409896ade1152b5182db7f442c0d80ed1bee3b19f75169768d871e491f74600bda0e3e705645ac67aa919e9dc70e82c6234bbbc2575db7aa65	8633a873-f147-4aba-9786-6f45f1e6bf6c	2023-05-07 07:22:46.344	2023-05-07 07:22:46.344
793df140-bb62-41e7-9b98-00683bbc86eb	d575a4ed04ea1e220dc869a85cdeaeee9a2612abf50460f251a0551f04263ce01e82f13e3f3799c3fd2b2f7771dd70e4bd67253c49e42c32f36662d2597f79db	8633a873-f147-4aba-9786-6f45f1e6bf6c	2023-05-07 07:22:49.117	2023-05-07 07:22:49.117
8b86020a-643e-4f55-bd9e-713bcfc54f12	b9c936a104bfbc224a29afd12e6887097a46c99fccaa64fa2205c4a1dfbd9d4920596024eb0526ec21c9a96aab2c416c3a9a45b558c682256a0b260394bd0bd5	8633a873-f147-4aba-9786-6f45f1e6bf6c	2023-05-07 07:25:04.38	2023-05-07 07:25:04.38
9f18f862-c4c8-41db-bfa0-834226ed347f	b3833ce027830c3f3255046d513841880464f0f6f0ffb41a2656d6756e48d8e086ff7427579ad8fee242da897ff80323d57f9acc99095eb9fa1078d210bb13ea	8633a873-f147-4aba-9786-6f45f1e6bf6c	2023-05-07 07:25:06.194	2023-05-07 07:25:06.194
02ae015a-9f40-47c1-acea-1c8b60685cdc	f1921e2e8c7fd1d81e64b72ce1828aece475874946ad394d038d4e7d77e78284e4654a5c3323283ff9197308f2edd9d4c1e5b9e9b24636f003dba116edfef402	8633a873-f147-4aba-9786-6f45f1e6bf6c	2023-05-07 07:26:21.738	2023-05-07 07:26:21.738
f1b524a0-8540-4428-bfa3-836b898fd7ce	883acec3d6bd8790c3154a379520b59fb7061c8a400cfa28e5120c58e0b1fb702ddd6c5dd93fcd75045be1dfc205e98e3cc72b3f24b1d4a64302061fb074a06a	8633a873-f147-4aba-9786-6f45f1e6bf6c	2023-05-07 09:40:41.778	2023-05-07 09:40:41.778
34d8866e-fc2c-46f4-89e5-a0338ecd6d02	a0491fc512e78175789ab21fb1e260f20439c1a64552ecacf23fe135e87d5c8a45e78f97a6464ac31608e1ce8f5326c88128b91028011144c9b8d084ea3b4aa3	8633a873-f147-4aba-9786-6f45f1e6bf6c	2023-05-07 09:40:46.681	2023-05-07 09:40:46.681
25039b92-633e-44a3-b8f3-fd5da2bdc815	ea0bcaf3d072ab53d9c2a0e9dc8059e171265233db337a54e12c24d6c35ec4817e1717eeac9465047231a71fa6481c323fed5ffb15bb8e09a62313c9cf801e4d	8633a873-f147-4aba-9786-6f45f1e6bf6c	2023-05-07 11:50:06.096	2023-05-07 11:50:06.096
7872583c-52c1-4c6a-910a-5ebb8a12c907	08f379e8721bf631c2d71a6c4c4f1185a1f0879efe1b606b00ca7df074a60930e036cb223ee6c0366b0156e33a5301d2ba26482faaeada92c43477396c1cc665	8633a873-f147-4aba-9786-6f45f1e6bf6c	2023-05-07 11:50:06.139	2023-05-07 11:50:06.139
510a278e-e91a-4dbf-bbf6-a2ce0c22f993	79fe154ed8609605f2bbeae3ce79b443f891522cd70cbc9962e33a0bd7e43884f551735d6bbbc7e939d4f60108251c31e346480b2a90c5a4b1ca7bbb25618a86	8633a873-f147-4aba-9786-6f45f1e6bf6c	2023-05-07 11:53:29.354	2023-05-07 11:53:29.354
5c5c3d62-1a93-45ed-94d4-541d5855530c	5db262badc35573dec86eaa26739ad131c96ab694b08369710a063a7929bc91f6b42fa5271c401f167d97cc1635f6d1f039de533a2950cdf4abc7ab79dfd65da	8633a873-f147-4aba-9786-6f45f1e6bf6c	2023-05-07 11:53:46.531	2023-05-07 11:53:46.531
c8ae21ee-870a-4243-8572-b9645685db8c	41fcca8f485f38d8b115057c474c10d5f057a70c6bf47c1284c8f40397e613bac4dcf6d5cdbe4a1de5644d6ff47ae250f62fac4db61bbdb19e6959187a6950c5	8633a873-f147-4aba-9786-6f45f1e6bf6c	2023-05-07 11:54:28.188	2023-05-07 11:54:28.188
075fbd94-f44b-4ccd-9413-f9bc34503376	6f3317cac230f031e7cdc20ceb4ce705aa2386cc8f9519be2f6af697cafc8f42b86708d446c45a7bf69840b6acc064832b68adf76c861f3b7a154d4f98eb4f03	8633a873-f147-4aba-9786-6f45f1e6bf6c	2023-05-07 11:54:33.145	2023-05-07 11:54:33.145
1a06acfb-2053-46b0-80ba-89617a3946b0	65d220d7bbac3e50e5b8041ee798def99ebb540ea498ea7f2277ddc3ceacb7c408e2833d7f43601bb04b05bd3774a0aaa1ff8b779c1a65f08cde7f287ee75ec0	8633a873-f147-4aba-9786-6f45f1e6bf6c	2023-05-07 11:54:40.664	2023-05-07 11:54:40.664
198e939d-6159-4cd1-8151-578906250506	aa84a8b3fa0bc27d3a73eff3c67113800dc1440870167d2dc0635501172bd16052fdce927eef1b17d7e1d913aeeb3a002824971e36b3bea4c668427263b4364c	8633a873-f147-4aba-9786-6f45f1e6bf6c	2023-05-07 12:01:50.152	2023-05-07 12:01:50.152
0307500c-7e61-4048-8a8f-3f8be6af73a0	235a5af721415facda53182ca91543a5f6d72552fe77972ddfd650569b494dcef70ad03a03034588015089200ce2477ba36dbd84509d9788382b33c54a2ae3d4	8633a873-f147-4aba-9786-6f45f1e6bf6c	2023-05-07 12:02:06.148	2023-05-07 12:02:06.148
fc1ba2d5-aff2-42fb-ad30-3b15c6912f8b	6cb8f159cf32b187842905268e5a904b3f917d1e9bc51f2bb91c4897f6def212ad875f0aae151348cf9f6537be617e94bec24653e07d0380340f50466431c603	8633a873-f147-4aba-9786-6f45f1e6bf6c	2023-05-07 12:02:07.913	2023-05-07 12:02:07.913
d3d7563a-207d-47bb-b91d-9868744757fb	6dc18a687329200d5a4982d47ec29b650d070357938a73dc5765f8f5eb5545d5c26a833c724215a6875b8960f9ea3231bf52458da2350ba98f164b5edf80b3b6	8633a873-f147-4aba-9786-6f45f1e6bf6c	2023-05-07 12:03:10.25	2023-05-07 12:03:10.25
e6c9780e-a505-4bb9-b952-82db09211273	e93c1909a44efd8929768655f01b93d2b63b89ccb8134402f307923d13a15746ad45b4e3eb32617d199b4a4dd91afeaca1205345e6445183098011adb2e49810	8633a873-f147-4aba-9786-6f45f1e6bf6c	2023-05-07 12:03:17.036	2023-05-07 12:03:17.036
4be26188-fad0-4d29-8350-670d43d0564b	35125d5320a88032851b76530a99620970301894b18c9602d86853b33333e8ec845e545b40d9584f7271768eae1ba60db3e37134d19b29b13d655f656192d266	8633a873-f147-4aba-9786-6f45f1e6bf6c	2023-05-07 12:04:19.059	2023-05-07 12:04:19.059
8a9f8c9f-3deb-462c-a901-71b9298e4670	99908eedfa87798308daf3587dcb84b9cd5014bd64b15b19412a5a9cc7266d9ac093a06fd387518301ee2bd61346c542d8d24ea9b28988936d7147d6b009d9d0	8633a873-f147-4aba-9786-6f45f1e6bf6c	2023-05-07 12:04:32.597	2023-05-07 12:04:32.597
23f492c3-fd69-40b3-b222-c79e99778cc8	c6e2f11c1710aede721033cc0410fc87272c0a446e47f80123612872f31e3ed1cc928915f28fed83580cb5b0c44695e23aa78229a81a80288fcc51c6ccbd8154	8633a873-f147-4aba-9786-6f45f1e6bf6c	2023-05-07 12:04:55.322	2023-05-07 12:04:55.322
19a8cf4c-8812-4c3f-a728-dd0558e35931	c130e21b06ad3ef0b966a3c3185014ea4e7b29d208efb08d0cf3f825e83decab5426a2226e50f06fcb60374fb96acfc769fca5e1d32bf1f99d5e38971c388a0d	8633a873-f147-4aba-9786-6f45f1e6bf6c	2023-05-07 12:05:46.553	2023-05-07 12:05:46.553
a2b2ae40-16a1-4920-b444-512bfee9aeae	ac3412d2a912808d2fe1aab4a2216e35fd3c40ddd0e76b69dd2e9b4d9ad45001b80a75678dbb8f390903980ce22d16309ae3d861dada24cde797360467ce50a7	8633a873-f147-4aba-9786-6f45f1e6bf6c	2023-05-07 12:05:58.77	2023-05-07 12:05:58.77
b474394e-f731-4892-847f-e77506096202	b8654272eb2ec46d80eaed047d43ac663e13517f0d745a9a1edd90ee5b475e2c74a83b7c24c2f1103b08014f4c8b0ecd3a2066a11df9a59494c650581ae4c670	8633a873-f147-4aba-9786-6f45f1e6bf6c	2023-05-07 12:10:46.499	2023-05-07 12:10:46.499
9c5c6496-e430-4b7a-9426-f40cdd19c964	eb03f41f32a48973311baa780d7bb76a5bd0a804a12b2548bad251949f0272211f5f4e25a276eeb1710db7568bc9dc40ae2209989f99d8102781b37a52e849bb	8633a873-f147-4aba-9786-6f45f1e6bf6c	2023-05-07 12:11:29.979	2023-05-07 12:11:29.979
b7eb8958-531d-4e04-a308-78406cf4194a	28e1c2e459c16d646053d62f038f493a3132f6bc060933b160e9ed8b0312856a546eea35adca389b4edbb93a7da559ba4f1ccf5c23f19d4c4aa80361a3376f27	8633a873-f147-4aba-9786-6f45f1e6bf6c	2023-05-07 12:20:36.742	2023-05-07 12:20:36.742
b489b5a4-5c05-4fa3-9b38-234ab91123e5	3bfd70bcd48661e234873b8330f4d0c4286a9cafeaf0337d76c1f5864ae98f929539e4f9ea73398e3c39d1b90dfa99ffc01b3b3f85253eb608abb85f04bb527d	8633a873-f147-4aba-9786-6f45f1e6bf6c	2023-05-07 13:21:28.115	2023-05-07 13:21:28.115
f887135c-f3dc-4432-8bf6-a76ad79b20e2	520b9a733cbf52faf00be6ca73b572d8f8f4c8cc4fa3ae209c5ffe0dd2886f58c2dad74d5c3293d3923430dfe4f42f5009dc980abaf24a8a082c8b62d7cc45eb	8633a873-f147-4aba-9786-6f45f1e6bf6c	2023-05-07 13:24:51.915	2023-05-07 13:24:51.915
8cc0ecdb-d183-4004-b2e2-ab535fbf8023	9905427766d704716324dfded3cc159345c433b4d286f3aaaf0168534cf8d07615c6705f7c349f09f6e453bc959da5a09a4a521dd3833ff42b8bde180a471b38	8633a873-f147-4aba-9786-6f45f1e6bf6c	2023-05-07 13:25:50.13	2023-05-07 13:25:50.13
b90934fe-84cd-4b01-9988-d8f360d5ac72	af87967afcf76e6e4754a6caa28bcd1bdfe9c5f8ff4d83874c6482e71dff92da799fe1552e52c408dfa1f4756a6bf073bc6a15e0813c263283ed208f47b2a269	8633a873-f147-4aba-9786-6f45f1e6bf6c	2023-05-07 13:28:24.606	2023-05-07 13:28:24.606
0ac4315c-2152-4f26-8c0f-68284632165d	caf7a1f381d6539dcbbbbf6355509a80ab64e4102754a319d35ff5219f32231097d435a8abc54b6a6e82d3ae2284e1df8d7185a3d6d988ad43fba5fc7cc80491	8633a873-f147-4aba-9786-6f45f1e6bf6c	2023-05-07 13:28:42.527	2023-05-07 13:28:42.527
56fe34a4-39f9-4cf2-b739-e072712ae2ab	a54e885649bd98043138acba618469918d80a565400098401247a903e8d1c085b2dce92a105a24efa55a81672249bb2a5f34a9e3a8b8c42cbbd87b7141e6da36	8633a873-f147-4aba-9786-6f45f1e6bf6c	2023-05-07 13:29:26.699	2023-05-07 13:29:26.699
89a9ece8-753a-4d12-932f-cc045007616f	314c6aad8b22d429723d57eced241cb83350c6640d471e818672a11e0915cb190a4fc43d632f9ce6457d85278a87c2a2cd00e176498142f38a38721df8af490c	8633a873-f147-4aba-9786-6f45f1e6bf6c	2023-05-07 13:29:59.886	2023-05-07 13:29:59.886
07cf173c-0ce2-4631-8cbd-7d12f2b0b14c	373e365d4d1c3b1e71348c7461de4f9af6f389e989e8b84cf8dbe29657dbcec86d3ed6d8f676f73445183fbc41280a90007a1317c5380e6a479bca3dc72a9365	8633a873-f147-4aba-9786-6f45f1e6bf6c	2023-05-07 13:32:10.661	2023-05-07 13:32:10.661
fb0aa734-6028-428e-9941-212958e880fd	34207941fe27f531d22fd2a12056b7e02d84159594918979cbfd21abf1c93afaad1c770a78fa572cb405731240204ceb7a80e0be63a6ecf732a5710be7aa0848	8633a873-f147-4aba-9786-6f45f1e6bf6c	2023-05-07 13:34:40.403	2023-05-07 13:34:40.403
e96aeb7c-e88f-4a51-a7aa-5dc37c6b4c7f	3b8deb01879c91f8bc988945d7e79f6fec6ec0139a04305eeccf7186dcaf4daf0699b6a73710c161aeaeff298f3bf1edd5d0eb2dd938fe7e0e8901f3ef8d02f1	8633a873-f147-4aba-9786-6f45f1e6bf6c	2023-05-07 13:35:19.781	2023-05-07 13:35:19.781
20cc297b-0d9c-474d-b94e-6159216edfc5	76eae03b705be04307ea0c9e4e9786b9066b7041e1378915144b14b871580dfe264fa9153806074701ee83a63228318adc22b79001f6351e09a61b272a5f4693	8633a873-f147-4aba-9786-6f45f1e6bf6c	2023-05-07 13:36:18.896	2023-05-07 13:36:18.896
3f2b96d2-e8b6-4dea-9204-277aa942f170	ccf8930b41c8f7052f88dbd5931aff15d05601f1e0cbcaf01b63245f02a1b60c3ea95a4ef14b6ab234be5f8eb15757a3ad616b0a3cef53a1745af9b16e4cb649	8633a873-f147-4aba-9786-6f45f1e6bf6c	2023-05-07 13:36:25.057	2023-05-07 13:36:25.057
c702a1d6-3b08-4524-904e-f0a2ef606521	01a8b7aeea41c065cb2e54d9676ce1dd1e93008867a619bafbc688249453b49bc2ffb1b55b5cbf22e9b34f055804033dfa6c9a09b730df8612c898054b01d62b	8633a873-f147-4aba-9786-6f45f1e6bf6c	2023-05-07 13:36:58.703	2023-05-07 13:36:58.703
d16f2f62-e72c-4bd7-9052-530f33211b87	6f46aa87bbed2d99bd5fe453c665359babe73ec413a194ff7c816e759f88fc0a029974669dd73f67e40ccbbe27efe4a030101403f20620358629bd0a10677fd7	8633a873-f147-4aba-9786-6f45f1e6bf6c	2023-05-07 13:37:08.546	2023-05-07 13:37:08.546
279ffcd7-c79d-4371-97ed-0a6020e47022	415cc1b3a0a5038ddab58490e9cbf7544cd57f093f51d92aef8becb1ec532b3bedb6c83da7e00db1541b443e24aada6bbcb6f9ea0b22bb99557a44e0c4b0e182	8633a873-f147-4aba-9786-6f45f1e6bf6c	2023-05-07 13:38:49.117	2023-05-07 13:38:49.117
fab0cdbd-4a0b-4a67-ba74-bac04e0912ad	86332ee4430bafa7b3cc6ab8e71ef595e6a7c98d64fa07c7ae4838d2119d3e694933bdc2cb14d5a391492ff0135adbcdde898ebc7f2f1160f9be8f2d2073ab49	8633a873-f147-4aba-9786-6f45f1e6bf6c	2023-05-07 13:38:52.231	2023-05-07 13:38:52.231
d3fdfe09-cd04-4e08-a72d-2776a0b7531c	68a210b457f4e7eff5ac7ec56dea845dbca9c97ac5e7f1c21a1c8c630bcabd311338b1500c009c88bac5f0031dc609ad9222609427534bfd84e818ed4819dd7f	8633a873-f147-4aba-9786-6f45f1e6bf6c	2023-05-07 14:21:12.947	2023-05-07 14:21:12.947
cf5fc743-513e-412f-9e2c-189de782143f	7e3ca1ffcb1bf2f7d041154532a196ddea136483a3002d8202652da06337d4ca2bd440bc121c01da144d8a04a229fc4c5ac258d6401d406d5590a47020df3076	8633a873-f147-4aba-9786-6f45f1e6bf6c	2023-05-07 14:21:12.98	2023-05-07 14:21:12.98
b1b58e3a-a6dc-4d38-b98b-b8b47850b6c0	1aa0f6461dec8264711ed683be02dd5717a01c2637ab1a512367ff0533ff94e258e8aed036ae18d0b176fb103e7f43a5601fc2b0f2c28fab577397c4e1a57ed9	8633a873-f147-4aba-9786-6f45f1e6bf6c	2023-05-07 14:22:40.782	2023-05-07 14:22:40.782
16e81976-3813-4245-9b2e-4c0ee3f7faea	1ef1b4c3add61f7a9bd584a75d31e26d9ebfb34aacad3ecb2cf509de7a47b0d38b2efd30afda6cc6f2d26f4a983283aed6cdb69e007d3ac06187cac15f36b91c	8633a873-f147-4aba-9786-6f45f1e6bf6c	2023-05-07 14:22:55.749	2023-05-07 14:22:55.749
dfc4254e-22e9-4eb6-9d35-a95337799328	277c961f65bcf47cea11612cca501b8e8b723ff7517475a3409b87667bacf04d945accd38b4dfb794b625b79bd47157201f32b60c4d0f38ed27a9b9f48659e3f	8633a873-f147-4aba-9786-6f45f1e6bf6c	2023-05-07 14:23:13.648	2023-05-07 14:23:13.648
506ec80a-7ac5-4bad-a64e-84e239da5e17	88f956504d2df7efaee4343060271d462bf4d0f32d3e867ffcc12033806709a8e991770a1507da80c5bd7152c1c59c1e92cee4d8026bb1ad802bd26822b5f016	8633a873-f147-4aba-9786-6f45f1e6bf6c	2023-05-07 14:23:16.577	2023-05-07 14:23:16.577
ad9b1b23-1390-4f5a-a44d-c9d3429b398a	fbf48f3eb6f8b62da1f4ac9f5534c19a56331e779ff8b093dd3215b969c83055484fbce3333cfdbfdfd43240cd6c01df0cfe058e0e882cf9916eb32b80814dce	8633a873-f147-4aba-9786-6f45f1e6bf6c	2023-05-07 14:23:21.962	2023-05-07 14:23:21.962
1a76de4e-7e9d-4e9f-b433-6153f61b86c4	f39383c172f57bcb75c3008e23181b85417143d465a482dcc54a432aba3f16c978bed1acfab0829cffc0fdb823e99ae47e2be0d656ffc2b1155b666b497c01bb	8633a873-f147-4aba-9786-6f45f1e6bf6c	2023-05-07 14:23:23.743	2023-05-07 14:23:23.743
8ca94d01-7588-460b-955b-d55ac550baee	fee6f1835f12f56faf475a5f4bbba07ef6abe631a4b3f74170fbbcba0f4c2ced711ee18abc67de4cd5a39573e4646dbccb68a1ea6f2f814e8749ba6c0587f0aa	8633a873-f147-4aba-9786-6f45f1e6bf6c	2023-05-07 14:23:26.424	2023-05-07 14:23:26.424
30ad335f-b1ca-46c8-8fef-8f886a61d2f3	c8d85129cee3437ca8eda89ccfde7c8302ebe544556b38297a384f0b8c88f2aa18874d7df8a9aa201ada9a6908b557cded1fd379147b973e6db1cdef5c1b953a	8633a873-f147-4aba-9786-6f45f1e6bf6c	2023-05-07 14:23:28.872	2023-05-07 14:23:28.872
04463963-7a50-48f3-bc08-fdbfd2c84d3e	49065545f887c3e539500e485a57987d8773c18cf4ddd9718375cfb8c3d3f5ebd2a3862fcbd8b2f3d583e4b3d0487dc681e743c35bb11423becccb9551e8f384	8633a873-f147-4aba-9786-6f45f1e6bf6c	2023-05-07 14:24:06.588	2023-05-07 14:24:06.588
c60a47d3-6f8e-4266-be9e-cb9ba7dad705	46fce91b10b3a5b3ddca44444744441e637f310e50df21547bb982f1da5382a6c9f68e52581265523cf1b06c99ab9d1843e88ee4feb38fa3b99ad49ce8138dec	8633a873-f147-4aba-9786-6f45f1e6bf6c	2023-05-07 14:25:19.3	2023-05-07 14:25:19.3
5bddb42c-2a51-45aa-8f12-bc3180654bb0	8f73ee4219fbb6e8eefac02768d2730537e5e4bc98047c3e03b730c059822d52aa78196e53a698b589891460f169ac3bfed4ecccd7bb1cee0ceb04b300a0c567	8633a873-f147-4aba-9786-6f45f1e6bf6c	2023-05-07 14:25:38.577	2023-05-07 14:25:38.577
90e664db-771a-4438-868e-0e40bb3e7406	beee64e36275cd9f8b454e299b44da898939a1fcbd2ed7d67e584d775f3fa3450da89abb62e3ab130eb30eb573fd1565ea5eab8a5a995f02596f708318258bc3	8633a873-f147-4aba-9786-6f45f1e6bf6c	2023-05-07 14:25:38.603	2023-05-07 14:25:38.603
22b6209b-4b5b-477c-acc6-32fb27891206	1afcd989144c9a4391290a862caf0f45a1184543b3cd3cf4a5f22a9e59237460b416adb8e474675db1d1292b5aee4171e19ada99d2c14ab4d6ba473c776036a0	8633a873-f147-4aba-9786-6f45f1e6bf6c	2023-05-07 14:26:32.064	2023-05-07 14:26:32.064
7064b682-53b7-43fb-bb42-30245dc446a4	3909bfce61491bec499638430ac399cf081cd3ce05af90ed4b31b63677ef02c2ccb5566d9795ff14c3ead894fc1e5aa7e5ff8f8fdeb42f93cfaf14c778b4e617	8633a873-f147-4aba-9786-6f45f1e6bf6c	2023-05-07 14:26:32.086	2023-05-07 14:26:32.086
5a62a3d3-4f13-4d74-ae59-45db0b45c133	4ec830d9342bb87e40a5a0e727fbe7db40c901e26147c841e9bf8d6032bcdb185fa55f25fad03989c1e2c99886ab34a9287fd3391a00f5bd4969270ff2a0e14e	8633a873-f147-4aba-9786-6f45f1e6bf6c	2023-05-07 14:27:36.431	2023-05-07 14:27:36.431
72b631b0-ded3-4da0-9d75-685359bd94fe	e3b48161d5e2f2078814e8a7917fe92fd57d8b30f10fdcabd5eb7987fe1705b7726eefe63fec0b47f81c46f152f306aa26bad8d60bd497e4717ff8c21be3d4c0	8633a873-f147-4aba-9786-6f45f1e6bf6c	2023-05-07 15:08:53.276	2023-05-07 15:08:53.276
67a3cef5-15b5-4276-b283-29f456d70475	b3d4c6c9b84339ce4cf368746716e9aa40fdf98a268f2c82c75f599fdeaf080150a03443c22fad7ee9c24717af247963e891edd180b9b908bb7b31691569a332	8633a873-f147-4aba-9786-6f45f1e6bf6c	2023-05-07 15:09:20.155	2023-05-07 15:09:20.155
d2aa5026-08d1-44dd-8600-823bc155cb31	a23280d66d62e38ca6d8602e5794e7abf89b50e0690dbab9a53ab6991d4da0be28d676a570b39fc3db267ed3e6f5f9922c5dce90c4f462ca95908f8b79d10f9f	8633a873-f147-4aba-9786-6f45f1e6bf6c	2023-05-07 15:09:21.839	2023-05-07 15:09:21.839
faf707f9-05bf-4a0b-a925-ba9a857691ef	590d3b241ea15ec4f82c8baf05f240eb575a15752dc56d46dcea80cbe7566a84ff8c59e15c809ca9276f84cbad86121ac061e065e4034306497195a1bee9a90a	8633a873-f147-4aba-9786-6f45f1e6bf6c	2023-05-07 15:09:23.746	2023-05-07 15:09:23.746
ec8ab8b8-4899-4443-9c8f-2a6fd03621f5	9ef7a2867b1b19281bd6359698d331f95a29c3d59e3eb8dabc8ae83b07ae4df55a9424027476a71db2c1651a3d4c06edf31218477b948018c9a6dd7b470453df	8633a873-f147-4aba-9786-6f45f1e6bf6c	2023-05-07 15:09:31.799	2023-05-07 15:09:31.799
2cbe98a2-00de-4e9e-bf1a-573715d8b149	86e225ad5f856b13f9da05e90c3b72ad14034e0dd8e356879a75ab0e8d0cabdc530bc1dcc68b2d8946b2d48ecad25237ee91c5ee46f441e2e5f59934155934e3	8633a873-f147-4aba-9786-6f45f1e6bf6c	2023-05-07 15:09:40.697	2023-05-07 15:09:40.697
3433e7b0-a446-4ee4-a8af-473d828890dd	980f3fcc26a7a621f3d6b6802a1775b6323b294847cf7518741d303d68cd015bb98be261057a423922fd290ba6aa6a4c8c459a87e6290eabe71c9ad1301805db	8633a873-f147-4aba-9786-6f45f1e6bf6c	2023-05-07 15:09:56.113	2023-05-07 15:09:56.113
6c647508-18fa-47f6-9f82-75f09e82116c	215f467860c68def2742473c0320d16eceb6a61af5b9c915c02d27a087d434b9a712e7d6540ecaaeffc1aece547d6db6a5465d18661cb9a8e27284c2e94e7314	8633a873-f147-4aba-9786-6f45f1e6bf6c	2023-05-07 15:10:02.827	2023-05-07 15:10:02.827
203ffe9d-a540-49c4-bfb0-4b7204f4e4a9	9748d465f7bf62d8b2a06d1d1ff2b0c38a47ee9f1c20bec7ec2701668adcbf065975ab2e5bf8c6b375d1d2ed1dc3e750752d56c9682138020240a2dc0449a030	8633a873-f147-4aba-9786-6f45f1e6bf6c	2023-05-07 15:10:12.585	2023-05-07 15:10:12.585
9a31866e-fbf6-49a0-9053-a5713e3b14f9	18ab3493925fd59d8a3f6b3897baf98d858093252f2aebb840844329d492fbe69f0068cc972de4d22b9f5d4a32089308266b6fc4f214b7ecd6c4d1fe35a6fce4	8633a873-f147-4aba-9786-6f45f1e6bf6c	2023-05-07 15:11:52.262	2023-05-07 15:11:52.262
0e512f49-a9dc-4e7d-94e5-e4d9c1a443a4	3726ac294915ecf77bfd82ca9bd428bd5b0b391faa9b4031eeb3b8b3339be3fd54c7a36b224b5c6876d2cdc3c985c9575956519bff43364fef998361e996ccf3	8633a873-f147-4aba-9786-6f45f1e6bf6c	2023-05-07 15:12:32.869	2023-05-07 15:12:32.869
84b6829c-1552-4ed6-bd68-ea8676e18097	6b45074dbd59d0508b6d8381243911f71f670ba6fe77af84ac9621f9eb141bf1bbcc16b7b038f4deb706ebe1cf6d259e96cac5ca5828a874014b66b6a1da0d3f	8633a873-f147-4aba-9786-6f45f1e6bf6c	2023-05-07 15:13:20.421	2023-05-07 15:13:20.421
c9381fa9-3e15-44c2-a42e-8588f593c25a	5aea85628223b452cf128174454aafb21d4aa2d01c15702c8e61355be50d1f0c9927b724dbd05324431cd2a14ae9f2e391dc9dc79ca1869cc49b4235abb263e6	8633a873-f147-4aba-9786-6f45f1e6bf6c	2023-05-07 15:13:57.488	2023-05-07 15:13:57.488
d4ace9fa-a17c-4e4d-906a-f9a59a78526e	933526c8a3b0e83308abaee16adbd8262e59830f934085cf045b27f99220afeba12b2578b3cc054695365e32e19c47c52e89aec93089b48e5b842675e8fdf95c	8633a873-f147-4aba-9786-6f45f1e6bf6c	2023-05-07 15:14:38.465	2023-05-07 15:14:38.465
666ab85f-fd87-4162-99de-d6dea5135b30	c65a0bddcd4254fec8e58cede3739e82d7fa01554e0f12ef420029327be6be1e344debac1aae00f707c3c89a433af88a803b136c7c9e6a9d355a4bb25697ab2e	8633a873-f147-4aba-9786-6f45f1e6bf6c	2023-05-07 15:14:42.382	2023-05-07 15:14:42.382
8d8c597c-c4fa-406a-b323-b51b37747afc	5798763929da0e117c78313d57172356e310c872d7f6a49df527e6c060a644474ccbd939f5c115d731dcc8e80b44c8b9754f2a909956c5de97b2e401cf91e89e	8633a873-f147-4aba-9786-6f45f1e6bf6c	2023-05-07 15:15:15.215	2023-05-07 15:15:15.215
e773a208-91f7-4f60-8caf-5c36eb253768	042d7832fe8befa7652fd6e27d3f382db0659348a233bf5abcca5a6e94c39a5b0ca05fd59b76f908a2862fda93b3052e0d015f22d9b95ce95915a9e7e283912e	8633a873-f147-4aba-9786-6f45f1e6bf6c	2023-05-07 15:15:59.39	2023-05-07 15:15:59.39
59ef324e-214b-4a9d-a9d1-f7b29bb50555	eac14d944c8071c0720f78daaf402f24a143d0decc7fb13a01a228df7b6f977bfb3b62888becee03f91516f0baed65506f34985d1f4d686ec4fd43b24a29815f	8633a873-f147-4aba-9786-6f45f1e6bf6c	2023-05-07 15:16:01.875	2023-05-07 15:16:01.875
b3825d15-2e1a-4f44-937d-864a52467b82	cb2490d68e6107d08b219977e8e66f342995e2dee5adcfe61f7e1435b003ee3a021092a0b62e89fdd5dc551be8c42de5c287afdcdc9d7bf0907537cee9f1605b	8633a873-f147-4aba-9786-6f45f1e6bf6c	2023-05-07 15:16:16.718	2023-05-07 15:16:16.718
6e3a4781-c621-4927-ae9c-8cb8694360b6	1fd107433038031eec8ceeec0d22a1ddd4773461605cc31e1bf7c0463761a4e50f6e74e300f8ba4a5d046c7869ed094cf7175efa77daca609af1ba9953a9f6b6	8633a873-f147-4aba-9786-6f45f1e6bf6c	2023-05-07 15:16:58.009	2023-05-07 15:16:58.009
ab28e4de-2239-4142-91bc-45b7e5a81b71	54db6575d244f40a4a90a32bff1d98132385a808c0790dba12bba1d153e3b38c6b366f7f38e85b3f8615f0cc40e661c2da393af4db3e6d8cc58ee8122f13d45f	8633a873-f147-4aba-9786-6f45f1e6bf6c	2023-05-07 15:16:59.724	2023-05-07 15:16:59.724
99b284c4-45c9-4268-9a7c-ec64af867570	fc03be9f09a1075235df9cf831d5a721467cb5dd8706112b16a25d15f35acdd01fe081772d9264c7203f557cdc4ecfb75a4fe92044f75f9df90d40f2f5f794d6	8633a873-f147-4aba-9786-6f45f1e6bf6c	2023-05-07 15:18:01.952	2023-05-07 15:18:01.952
1e6e0fea-7fde-4ab8-9645-e261a9a5577c	34a4e36c7e1f57a3f33358da014ea0283930431053aff17e236fb638937e7b3e5a770d288daa24dd728ff9ac74db570360efbe689289cd7d0964518008112c8a	8633a873-f147-4aba-9786-6f45f1e6bf6c	2023-05-07 15:18:20.408	2023-05-07 15:18:20.408
2e9f9dc9-82fb-4340-9ad2-c3313ff69478	d5a3e9096272828c6d182d6ba212323b65722943b682e89620032dc5241479c0b938985294e6a4ff0f77050931712fc47be73ecb9f5dc1ee1bd963dc3cf9b1e3	8633a873-f147-4aba-9786-6f45f1e6bf6c	2023-05-07 15:21:30.419	2023-05-07 15:21:30.419
87675978-9e48-468a-a907-e04f916a6e0a	af858cb9864a20bd46704b48dff7fa562090207777ff9c226ebf39323f6b7d0a5758f0433b721955502c83ad9cb0b75821925fe46bd3b9245dcce81608dd87b8	8633a873-f147-4aba-9786-6f45f1e6bf6c	2023-05-07 15:21:57.526	2023-05-07 15:21:57.526
7db985fb-33bd-4f8d-9bd2-40f15cf3f360	03360573ec1293cf7a74de301c39d1d0bb5a4d368aee127e10f59bf1b39d2d9629e1bb64b1dfd97aa82c5ea67648c155433a1511feb18fba0ffea48f27ce95ed	8633a873-f147-4aba-9786-6f45f1e6bf6c	2023-05-07 15:22:28.947	2023-05-07 15:22:28.947
c7021963-a999-4615-843a-9e7ec1cc218f	7322f0239f43b3ead7295db68a63015e11fd4bafeea5e486a6abe342716810fd80bc005736ea413adf95d0d6299882bd9be87299c31fcc78f432b052f5b69d14	8633a873-f147-4aba-9786-6f45f1e6bf6c	2023-05-07 15:22:32.201	2023-05-07 15:22:32.201
996d9742-f4f3-4f92-bd18-0b972cd45b57	ca4406795cefef245eda5d80f58ee9d9c1724edc8f297e0995703b2727641adefc330b93439957e40718f316d5c361a2096aff861b52caaf7e2f066800cfb353	8633a873-f147-4aba-9786-6f45f1e6bf6c	2023-05-07 15:24:39.97	2023-05-07 15:24:39.97
5e19f235-8d69-4829-96f8-389f17614779	1542d0c986454040370a2fc342974d1b773cc978269a0040349fe75f3c73dc61e20ef43776b00d05b87b4557e336e5471e7149066b77f43fdf09d000ce88fa54	8633a873-f147-4aba-9786-6f45f1e6bf6c	2023-05-07 15:24:58.394	2023-05-07 15:24:58.394
5e2148e2-d07c-463f-9dab-e1835dc0a485	46bd5cec3c904de57a289faaefd1a7f776d4470a78707268484237f3e0253f7641664f82935f26fcd93acf4326c21d3384d9e65289e1316d8ef65ea140cf72b9	8633a873-f147-4aba-9786-6f45f1e6bf6c	2023-05-07 15:25:06.112	2023-05-07 15:25:06.112
6c540c8c-353c-4d98-b2bd-7f7683717c50	49111156eac1904a4bc71fe4b1b8bb97ed5ac9798eb4dcd930b5a631ac3688d955fa76fa1f0bda79ab6dc6fd5c9f7a94769c54c1c5a27fb4ee099751657ca0f8	8633a873-f147-4aba-9786-6f45f1e6bf6c	2023-05-07 15:26:27.318	2023-05-07 15:26:27.318
140e6f65-3ea1-4965-9d8b-ac2c9085dc90	1f99c54b25e1983c813719ebbf321eb1262677f5f00b2e2ff4998d4e9959d46c5183627a845ed256fd00f3ece376106fd1af58006c0926f212b15c085eb6242d	8633a873-f147-4aba-9786-6f45f1e6bf6c	2023-05-07 15:26:53.588	2023-05-07 15:26:53.588
e8d0524f-7b86-488c-9af9-7d2bb718f71f	a5c724c95684e2fa259f694cbbc8948414966abd34876e122150799e7f062153a701d105d27bc4eb522636e8b801829912a00c13bc20ca3c94aa0034f248ee89	8633a873-f147-4aba-9786-6f45f1e6bf6c	2023-05-07 15:27:00.903	2023-05-07 15:27:00.903
3e52272f-2dd4-43d3-8629-283715c3c33e	3a1e3d531b5ca41d56c88955fae2b176a01bf00e77d0b7ec448b19725b38f991b5c27d5a1f7c3ebc81193bc1847599a7d0af4139d8809c3bd45afe193f6a8ebc	8633a873-f147-4aba-9786-6f45f1e6bf6c	2023-05-07 15:27:08.361	2023-05-07 15:27:08.361
4afa4d31-68e9-41f1-ae16-d66518b846e0	3644341754b13119c5c3a3feea71b3dda4fa16cf0db96d03d0e992e36e541b6c831557608d26d6833db5d732a88a5a5d9e73e4b91e8eccf617382ad7f3647384	8633a873-f147-4aba-9786-6f45f1e6bf6c	2023-05-07 15:28:24.401	2023-05-07 15:28:24.401
5a809ccc-876d-41d2-9e7a-d48f3e9bb5ee	6073cc15bfb7d0c93f81cfc2e5896425fb0076d897d62008827c8487f21146843a520823b6a4c276d01cdea683e170638de7617e93be4e812d0fa64044b1af22	8633a873-f147-4aba-9786-6f45f1e6bf6c	2023-05-07 15:28:37.453	2023-05-07 15:28:37.453
505d26fd-d092-45b6-bf8e-4a3939696264	f991dd91fc864273b4c3931d9f3f740708f97f8f5084337d1939f83b08512dc8ba280dac2ecd501a3606373e0d4aadd672550a9653643ad1c9857b76d8a95c88	8633a873-f147-4aba-9786-6f45f1e6bf6c	2023-05-07 15:29:06.751	2023-05-07 15:29:06.751
d40ed734-9d63-4c9a-9882-87a613b9101b	30bd4a3a64b6a30ee07843c510ca683f4de8d429fc0e213d94641ef6039de050e79064fdc57c9035305f70f3daceac82ae16e17df643aa2f5815849cf2975a98	8633a873-f147-4aba-9786-6f45f1e6bf6c	2023-05-07 15:33:45.267	2023-05-07 15:33:45.267
5b9a1bf4-48ef-465d-ad4e-7ee73af14d4a	4a4d7a6b24d899d8902a98e75d3e4c4e720c8b1aa740457930b8b0cf7588a3a490a73a530cacf80718978ef27567f012d2e6eb7e9086c40fb18d315fb3f44dc0	8633a873-f147-4aba-9786-6f45f1e6bf6c	2023-05-07 15:34:27.483	2023-05-07 15:34:27.483
92fdc639-b671-40f4-9e4d-c27b4077688f	ae067eb564269eaf75e83baffd72cfeb795728601096fbb9abcba8500c4ab6c08205fb9ec7ed28f9db40f598549eb21ace0fb05ef4d881330c24d656a7a0587a	8633a873-f147-4aba-9786-6f45f1e6bf6c	2023-05-07 15:34:33.518	2023-05-07 15:34:33.518
0abad927-c079-4ea7-aefe-81b64de34205	939e0ce28eb3d61a3774b2f60b09e46447232e45f633d48d9b2010ba8ce7e1df5fdeadc003147ed0a18d7b7eed3e830ff07594d7e7f17cc2dc9f0a0fa3720b8e	8633a873-f147-4aba-9786-6f45f1e6bf6c	2023-05-07 15:34:40.602	2023-05-07 15:34:40.602
fcbf4d1f-4e75-4ae6-8eb0-3ed3a9fbc572	7edc3892176fc35eb3dbb175a566a75b4e586b11d2cab5726a11bb5f86053dfcbad477ece485f9adc0e31d3289cee34ccbf3168e34c343ce9113543eeb4c50d9	8633a873-f147-4aba-9786-6f45f1e6bf6c	2023-05-07 15:34:52.952	2023-05-07 15:34:52.952
c1ae6f1b-2a24-41fb-8a46-4a38f99b0f5d	9f7c3f4b4cb5d7ed9666769dc65fd7ecb93e07cdfa339814889aae55b7d8abda24e47d917bd38da2d6f20566888948fde0e278d2903121de2063c43f43ae0a1a	8633a873-f147-4aba-9786-6f45f1e6bf6c	2023-05-07 15:35:05.343	2023-05-07 15:35:05.343
b2e496eb-89f2-4e11-a1ed-c23baca866c3	2478ed7b59246bdf33ddb3063290ed5a42510ba19b7fe4a9247f98f437a1e3fb449c5b23ff8dcf19f3e7330d5249278f2c2df7454880994b935466c2ace3ffd4	8633a873-f147-4aba-9786-6f45f1e6bf6c	2023-05-07 15:35:42.576	2023-05-07 15:35:42.576
8d89bef7-06bc-40b2-ab6b-a56d702d6f47	7e9c6f5ff18b334c3b440f810adcae84775496b0974749d51d7e124c845468f7a59972c6076a2063e46e511b87cb338c9b33b039e02da920c826f23fc9963d58	8633a873-f147-4aba-9786-6f45f1e6bf6c	2023-05-07 15:35:56.551	2023-05-07 15:35:56.551
874b50b5-b56a-4bda-8022-c26ddd59149b	210a85ea63e79ff849c10bab5549b9f64efa2ecbd012fcd1f1c14cfd86279ca35ac53cd1d49bcb3f0d0486b88b4b75843aaf31fad02d47bfff2c5af58d021b81	8633a873-f147-4aba-9786-6f45f1e6bf6c	2023-05-07 15:42:36.198	2023-05-07 15:42:36.198
ec3fa860-0c04-4992-b37b-e4e9fd88702b	d097cad328ac0dd39707a60eacba8fef99f8fe8c42626bc3a94c37d42962e3420959ea596462e35c11694abbaeb6134787ec3aa7b6b0f0c0af9af1e222ce27ff	8633a873-f147-4aba-9786-6f45f1e6bf6c	2023-05-07 15:42:38.875	2023-05-07 15:42:38.875
89b29640-6720-445e-bfe4-bad461a1fe6a	abece0271e651f46cf0c274a410890718438f3cad04386cc6b15557853d13390c5d8e93cf33c8819875b1acdf102ac013c869fb582c462c9f9e7eeb508326da2	8633a873-f147-4aba-9786-6f45f1e6bf6c	2023-05-07 15:42:48.201	2023-05-07 15:42:48.201
41727c3c-7fe3-4d1e-976b-825d0a65bd9a	f72ee67204daa75e783ecef6a64aff5c90535b6ac4904751cdc37f15ada0d26232cc8cff460ffa2f4efff3644eba21963b2a512ae1015928996cca2ca35d7464	8633a873-f147-4aba-9786-6f45f1e6bf6c	2023-05-07 15:42:50.72	2023-05-07 15:42:50.72
22d07e05-63f1-444e-8728-6ae6aadc8de4	60a848228fcb8effc31fec07c2453bdc6d93cde995f137dc10262c327f7e7c65aa1585e39b0e092236077522abfd5f0459fa22ed369dafd88d23f3b1e6f0b824	8633a873-f147-4aba-9786-6f45f1e6bf6c	2023-05-07 15:55:58.928	2023-05-07 15:55:58.928
a6ad568a-df8c-4eb9-abe4-ccf6c5ecbc30	342240c76c60f4c7c54e09190edc116ee21a2fcaeff8b582080b00ad5e55973b4c6da74b3e88ee9160a2e08a5fdc36938a4e62289eb1cdf664526342ab1c511e	8633a873-f147-4aba-9786-6f45f1e6bf6c	2023-05-07 15:55:58.961	2023-05-07 15:55:58.961
cbf92cb2-239d-4875-928a-ba9a4c25041d	01da3c090253aeb3021b460a10cc9408b5b85e70ed5217a7a122a2feabb6a67fcb4e2b3e77be05fa7dcacc1473225c0acac3e81c766ab12d610400c215a000a3	8633a873-f147-4aba-9786-6f45f1e6bf6c	2023-05-07 15:58:13.582	2023-05-07 15:58:13.582
a2aa9550-ce1d-445a-9a56-9972d8696607	4c4daaa19ee3005f4f2fc2bb8bee4d9baed60a9bcda8b0b365e98871b31854fca39d82be99fb61b635e757c6234799d4d06e24b11fa2610ae6b4c439cda6dbbb	8633a873-f147-4aba-9786-6f45f1e6bf6c	2023-05-07 15:58:17.909	2023-05-07 15:58:17.909
40c449da-0445-4dfd-9341-070e7f60d402	6bf0425b7af3b70b648c5e81021b38f6339d4247104c8625d420d74c7cf6a444773f16303df39922e0bdacad80fc83408b8149074d67b30152bbb02b56d4b1fd	8633a873-f147-4aba-9786-6f45f1e6bf6c	2023-05-07 15:58:25.406	2023-05-07 15:58:25.406
eaad74ab-f17e-424f-9553-e5136dcc9b66	92e343749eedc45003e6150c0033b21a3b760584c03525ad20277d1d94a63599a1a6fd0ebe97c4cfab696c0cc010f1e45db4d00d32da7d03819f0603d8472da7	8633a873-f147-4aba-9786-6f45f1e6bf6c	2023-05-07 16:06:01.338	2023-05-07 16:06:01.338
a67630da-0a2f-4ef5-88ae-82ed38ad591e	62cf1e8276c812fd17df9be1c562cab0ac550e4a4ed2cca5a411512b360c0edc787a0f1915f4ee9ecf7501b99e532b3359d4f40952d25206ac825882f3760591	8633a873-f147-4aba-9786-6f45f1e6bf6c	2023-05-07 16:06:10.02	2023-05-07 16:06:10.02
cfa04a8f-dbe1-46a5-b06b-7e5b5c353d8c	a2d142268f0953d3ab217d612747a1a618e7031dbda1241e2635d6a887522edbabc12466a0895532e49fa88970ebba5fb17869ed132a34784ea7da33e12e19c8	8633a873-f147-4aba-9786-6f45f1e6bf6c	2023-05-07 16:06:21.993	2023-05-07 16:06:21.993
10722984-2532-4f1e-850b-fa8f49c28ae0	deb2d500e5ac7f33237f508b5674fb6cf5b8f86218e90d3e1b110209cb78342d460892a0fcb487e827b96d9f5660f03af62d8a27f5150daf639933d031a3455d	8633a873-f147-4aba-9786-6f45f1e6bf6c	2023-05-07 16:08:14.495	2023-05-07 16:08:14.495
4c908b8d-987c-4e92-bdb4-ec9fe45cbd26	aa908b8e349d5bc09e8802b2aee63318e55aee5d0e49a35b98f089d6967c07efd98b1928ca20ff3c4e43d91fe11704faee49a4782c1f9c0aad01c17374a229aa	8633a873-f147-4aba-9786-6f45f1e6bf6c	2023-05-07 16:08:55.087	2023-05-07 16:08:55.087
c36f32b0-af79-4f2e-8ce1-75457e345282	1b610204c9af418400eb773a8bf2c6e9cf8168c5d9647af5fc988983ece79e5f437e08648e6a2e43d2e10d9c89734683af2c96b2f2079920cd0686b81c98b6a1	8633a873-f147-4aba-9786-6f45f1e6bf6c	2023-05-07 16:09:40.652	2023-05-07 16:09:40.652
63f94d38-f180-4d3c-a859-40fe3ec550a8	8b3ec9399f1c5a25e5ff92f570037001bf548b649f041180125ba55de2cb92285b9e9c671bbaf0da73f01bd0409ff26dbcc23cade5209fec273987537438684a	8633a873-f147-4aba-9786-6f45f1e6bf6c	2023-05-07 16:09:45.727	2023-05-07 16:09:45.727
6336da85-e246-4b98-90dd-88474b78e4d3	f695cd6fc7dc9698809818b0c05253b882b0fa4d2145f31eb135ff1e597710aa8c45595dda5e206b06b4a4bcd3ccaaafd6f9b728529c426a8200d559b89cdd60	8633a873-f147-4aba-9786-6f45f1e6bf6c	2023-05-07 16:10:14.001	2023-05-07 16:10:14.001
9dc1f3bb-05f2-4de0-885d-1cd85b65e83a	2915518e97f479a98bfe4900ffb6d57b8541a81a9aa1c986c5a3da5083a5b39e60654eb4f4484c3d77397287cadbcc0ab4dd76b28fb89fce3845ca661d6f0ffb	8633a873-f147-4aba-9786-6f45f1e6bf6c	2023-05-07 16:10:19.714	2023-05-07 16:10:19.714
a7479dda-4543-4b74-a2ed-f5b50492f75c	1777aa77774ae43e4edcab8c7a71d243219118e57362b0b2238a593da1d9868c38f2beb0a7ba9c53ed05c1844a6d59d257dd03abb0e1c455f062b21025b8e378	8633a873-f147-4aba-9786-6f45f1e6bf6c	2023-05-07 16:14:52.596	2023-05-07 16:14:52.596
9b3efa19-fec8-4c5f-84a3-9c67665ff18a	713049745d1bae40fe1b23c2118208fce1d2dee50567940ab1c2edd46607be235729d5a06229a8bab29acedde18762a07867cf1e7b0f21322cac21e6524815bb	8633a873-f147-4aba-9786-6f45f1e6bf6c	2023-05-07 16:16:55.424	2023-05-07 16:16:55.424
32321910-b3ea-455a-9109-9311138ad82b	280b63fed332acc549cc19cd5835c6eea5ae7472d0b41df2832d9cc4beae26c3622d1ffff1895aaed1d0e0d56b70d03312da53e9bf20c2537d20f1719b975930	8633a873-f147-4aba-9786-6f45f1e6bf6c	2023-05-07 16:17:45.794	2023-05-07 16:17:45.794
ece40daa-5493-4a51-82bc-62624928f5a0	6d6813a33f865cf4f6b0087f87dfd83fd0180640a3ab1f0a6720dcd3af8867f0cd839f0f18f7d5054763610bc468f157afd6ebc7cb2c2433d748aa2829f894b8	8633a873-f147-4aba-9786-6f45f1e6bf6c	2023-05-07 16:18:09.592	2023-05-07 16:18:09.592
ec5b535e-b4d1-4e06-a014-6ba810c0a693	954b3e506339e702139c16d70811c36b0cbd0213b59361b7d9b27411555df615cacf4ffa2f0d0d5cdc503744505276ab493eb6c235882553deabfb06bd1c732f	8633a873-f147-4aba-9786-6f45f1e6bf6c	2023-05-07 16:18:57.44	2023-05-07 16:18:57.44
6d0b0a3b-70cc-4216-9516-c847bdd62db3	e418a3318113eb16058b971bddd611a58bb5de26d57e17ed6575b4711ff6c7a36dacc117439ca9de726238fcae19ceab03d323011d02252c01fabff6f39fd572	8633a873-f147-4aba-9786-6f45f1e6bf6c	2023-05-07 16:19:32.665	2023-05-07 16:19:32.665
b5642d6a-af49-432a-ae51-7f6a27e11cd9	ce840841d67ac1748a90b1d1644c7e7e5f0a4286ac946aa12e6060d91ca4264aff35588d511e194fd7528fcc237e5bd227658d01f7db9b63b186b1f9dad81aad	8633a873-f147-4aba-9786-6f45f1e6bf6c	2023-05-07 16:19:59.155	2023-05-07 16:19:59.155
928c340b-7b50-4286-9150-0c4009b48864	9676bdb70c00d6c677af53df7468b8c96d2ef48cc14a92247ff6b43f3486c8b28dbd5663bd994b468021dfbc73b498e1322ac4cd99854af40d89f74fd416f2db	8633a873-f147-4aba-9786-6f45f1e6bf6c	2023-05-07 17:01:02.562	2023-05-07 17:01:02.562
417b13ba-66c5-4b7e-9c61-1acff12dacf4	d7a07d01253f3013791167e8e9eabb5c512e63c240510f01d3d25f2f54f5a91151857397e0fda74fa0c6da7e8c2e7615cab7fe22b58a2f2877b7cd1ece311772	8633a873-f147-4aba-9786-6f45f1e6bf6c	2023-05-07 17:01:25.054	2023-05-07 17:01:25.054
879d0143-25c9-4452-8ceb-4013f69d4eb9	71093a8c3d978dc16995b86f5618588d968efae43d816e00903cf2f591602be0a6823371bd67e13dafb025759275700fd54e7ac79c7edc995ddc3415b7c8b4e1	8633a873-f147-4aba-9786-6f45f1e6bf6c	2023-05-07 17:03:29.872	2023-05-07 17:03:29.872
87fa14d7-39a9-4ed4-9b78-8bbad18da3ea	0e9c21539e87a7466612c17a8c084b3385e94de68e23cfb25603849460bfdb193da258d885bfd39a6531f287e706404d5d9c24a7643624ce421552e65cbb05ef	8633a873-f147-4aba-9786-6f45f1e6bf6c	2023-05-07 17:03:49.191	2023-05-07 17:03:49.191
a47c3675-68cd-4b08-8c3b-9260ecaa778d	be613c7d322cfa7f01be4482ac2513ef4150dd66545d58bd4ff00b2f6ca603f27e1ae0a8d515afbf2928c5d97876745c635c410166b7c4df21b6a19fa682fe2b	8633a873-f147-4aba-9786-6f45f1e6bf6c	2023-05-07 17:03:59.991	2023-05-07 17:03:59.991
df187342-a600-4a74-80e5-0b773347a2fc	a395bd6079af5b3f7d05d73875217510a91ccd7997fbed17379ef60ea07e16167c0b9463d522c5167c63623032edcc592c6d300ca61b2107a74feba81a94dc7f	8633a873-f147-4aba-9786-6f45f1e6bf6c	2023-05-07 17:04:09.753	2023-05-07 17:04:09.753
b04a6e85-4d13-4b15-afaa-d85df846fd50	f0c0937bd2cfe8fd1fe26802ccd07e91762646127cc0b1c67089768d25dff6271a4297a554e1c49d6ae7fc8657a92b56766b90ce41f2252dc93d9225166a6414	8633a873-f147-4aba-9786-6f45f1e6bf6c	2023-05-07 17:05:31.915	2023-05-07 17:05:31.915
ec382054-72a4-4981-afc8-b2e09eaf8432	ea2b8d4d451a163727fc70505b420caecf77a424863c03c83d8ec2b8057fd148a7b55a585e73237fb9c88bc3d0c331f3da3a24931194f69824c55afcf38e330d	8633a873-f147-4aba-9786-6f45f1e6bf6c	2023-05-07 17:05:42.813	2023-05-07 17:05:42.813
fc66aaac-475d-499a-83a2-82ab9e7ef7c8	d6786faac7565371a0047c726bbd22ba08900c03555f42cba64c4fc0121d739a7932a25d6c6ce18fa6f9241f29b59db078b4a4c4be30a3f2c77d338591398258	8633a873-f147-4aba-9786-6f45f1e6bf6c	2023-05-07 17:08:53.397	2023-05-07 17:08:53.397
984d1639-49cc-422f-a1cd-34ff4642533a	8f5369eefd14dd54ef7dcc15c0bc5ca11b7d26e394a13de4049d348719c2feb76988f135b2ede8c2e4973f94ce3bca5d00a487c319ed0099c57d2a492e0091b8	8633a873-f147-4aba-9786-6f45f1e6bf6c	2023-05-07 17:08:56.602	2023-05-07 17:08:56.602
83ad8dbc-b3b7-405e-888a-8e6f3dabb326	075e596893bf1ee21c7453f394931549024c086cd0b6919686304dcbaba355023a2f86d4f61262d1da80526d1478d08cc992ffced267be40eec1ed891eb512b6	8633a873-f147-4aba-9786-6f45f1e6bf6c	2023-05-07 17:09:07.141	2023-05-07 17:09:07.141
c8067e63-ec89-4437-94ae-fa3d6f1f331a	68f7701af3c12a4be2246256c5e2dd80e504e7c2e41edb79af4e57f6b10452b2e3ff4387dd14dd5f1b52e12a48bf286ce4da5291ee172fb9c2da0211c2d34937	8633a873-f147-4aba-9786-6f45f1e6bf6c	2023-05-07 17:09:37.74	2023-05-07 17:09:37.74
0011b106-9722-47e2-b936-f9383543f6f2	0fa3662e25596265dcd29233c7f5f4c43ebe7953b151b085cbcbb8b232eda346ed8de1f791b9d668015b5701905b1d7aa3338eb925390a4f051556a07b1af695	8633a873-f147-4aba-9786-6f45f1e6bf6c	2023-05-07 17:09:39.513	2023-05-07 17:09:39.513
fb7947fb-5a6a-47ff-a3c7-dccc499afac8	0b9bb6de44f4566909d0a9aae12776b11f568fdbf0d2500014f76aeb9219c9511cfb2e3ab63412e1571f90524e96805580dfcb7ca1e3f2059961605a452413d2	8633a873-f147-4aba-9786-6f45f1e6bf6c	2023-05-07 17:10:40.342	2023-05-07 17:10:40.342
910b676e-e889-4ea1-87bd-de55b3a1143b	f842d279932c12a30ab118e8926e203a4dfa5b299fdca41d235e7483e3bc51d0fd445f6364dcefc90fa1bd1a22ddc6dfb88206f9e25412787c18797d4781cf72	8633a873-f147-4aba-9786-6f45f1e6bf6c	2023-05-07 17:10:59.292	2023-05-07 17:10:59.292
7453c7bd-a40d-485c-b4e4-23448e6457ad	9951375b94753cd0900ddf3aa8b1d4b940cdf5beac088582a8337c507b5a957d19591c290ec574ef284462ddba3d4f691536e9f0546c07de9c3d23a9dc3194cf	8633a873-f147-4aba-9786-6f45f1e6bf6c	2023-05-07 17:12:06.007	2023-05-07 17:12:06.007
d400b03b-3e66-4e17-b12b-18eeee1305b8	a7f774049967196189c59f7c11ae5baec7a1100776fd31cb2c07b2dde524574671acbdd5219881b93f5f550e9ed67cd8cddfada6e34d49cfc30b1d7b7a02b912	8633a873-f147-4aba-9786-6f45f1e6bf6c	2023-05-07 17:12:22.913	2023-05-07 17:12:22.913
cc52c969-11fb-40e9-b960-a8e4a2f71946	0ffac6d055321c764c3b84d9989152a89a8c12fdf75660f5be8353a7f0030571c876b936d2a3c0dc4e431ff5df73a6b2bfac3269911933e1d6d9e01cf995e13c	8633a873-f147-4aba-9786-6f45f1e6bf6c	2023-05-07 17:15:30.403	2023-05-07 17:15:30.403
89a53dcb-dc63-498c-9799-9004a6478d29	911e60240d08825b410edd8570ac6b4676e9dd33cb796ab09e7fc916f3171255a3d1f7df6e5303888eb19686f8660d5245f1d48687f6996e6af21abe7bcb4f86	8633a873-f147-4aba-9786-6f45f1e6bf6c	2023-05-07 17:15:34.895	2023-05-07 17:15:34.895
f81dfb16-fef4-4cd8-a80a-c2aa4ed9c0aa	e85b4f2d76b077eff3cf12ce77ee110612daf72ef33efc926e1b273d3177dc841d4d1f3449e135be84864ec1105aeb9a3fdf66ba36482784f7701b8e0fe1199e	8633a873-f147-4aba-9786-6f45f1e6bf6c	2023-05-07 17:15:38.573	2023-05-07 17:15:38.573
b17ce91a-fab6-4212-82b1-e8e7900e2b9b	e885f63dc011c535e5e60a8fa83b2e8e770f4fd7826a338785c898d3680741d7150a67b5bc7c64d7e9f6e30ecd6b94be1a1d73b83fede554cb0181150fb776d6	8633a873-f147-4aba-9786-6f45f1e6bf6c	2023-05-07 17:15:40.993	2023-05-07 17:15:40.993
679b510e-c5fd-4b99-8a15-370b0e911055	50f4463281c5eebd89960086080c9152f026e28b4f5a9e4779ac80aacf7e43dcb572d4703febfa841887b3919224b137ee9ac6bbae24ef0746fc76c141cdc7cb	8633a873-f147-4aba-9786-6f45f1e6bf6c	2023-05-07 17:16:00.177	2023-05-07 17:16:00.177
22a2579e-fd53-43fb-a745-cd4a4302eb53	53b4857c6e68b9c17c4bb291a181c955bd179e57a1d5dad8d096ea59e50b203b40357acab784e14413a2f08b0af229fb79b6ad9f40ff59c35c0cbbdeabb7e816	8633a873-f147-4aba-9786-6f45f1e6bf6c	2023-05-07 17:16:14.994	2023-05-07 17:16:14.994
ee703552-0c90-44ba-86d6-129196247ffb	a4501cc3ceb42a3940708cebe26e08b3b5ccbbc13a7b093f85838339f5d8359de08a5b2caa645a31df5c45a5703693d97467a9a4ba906eaf754ff34e8ecf37e6	8633a873-f147-4aba-9786-6f45f1e6bf6c	2023-05-07 17:16:25.973	2023-05-07 17:16:25.973
a6258a52-996a-4d9e-aaeb-1f90e51e99b5	ee890cff549049b7dc9f246882fa359504a82030eefab6dcc7259af201179506816cbf7f03aec413a33bf22fc9533afd556c7955668e67ff3d9fe12ead60dd40	8633a873-f147-4aba-9786-6f45f1e6bf6c	2023-05-07 17:16:39.889	2023-05-07 17:16:39.889
7cbf1276-663f-459f-8a1a-b4ceae5c0b14	c8dcb55c56c2caa3a500f0e94bfb417dce4d8f1f061a5e4a91afc30cbf6d3711b71c7543e71dcb3075567365f7dd88b91d9f5725b66f199e0a828daaf7baa374	8633a873-f147-4aba-9786-6f45f1e6bf6c	2023-05-07 17:17:12.569	2023-05-07 17:17:12.569
0af384da-1e44-4f65-9148-a4d7eaa5ab44	a5094b8c26b4fecdf35a97ca53ce961459a2405116fe6719388937c402744b84853da0b87c486fe8fc98f342f89e54d90aa33ebeb5223fef5fc92666eb6b2187	8633a873-f147-4aba-9786-6f45f1e6bf6c	2023-05-07 17:17:54.332	2023-05-07 17:17:54.332
9326ea3a-efea-4de7-a1af-14372351296e	bfa79d41a18bc2537ef75a0a838b9449610ccfdbba1c21e679bb7b846db39895a2a8bfac992ed2e477790b6c085b8060dda18fddbd294b95383cd205d63dbc6f	8633a873-f147-4aba-9786-6f45f1e6bf6c	2023-05-07 17:19:08.941	2023-05-07 17:19:08.941
69f8b8db-6202-43af-b2be-13b5d6dbfda5	8968a7166899586b04d8940eb91326d37ad5acfafe6ba521540ea8f308857735b1cb57dfd9a81c10c62978ec064cd0ab25c6184b9a2af7bbc552323bebf3de01	8633a873-f147-4aba-9786-6f45f1e6bf6c	2023-05-07 17:24:17.494	2023-05-07 17:24:17.494
6faa9317-6acf-4195-8c2e-309a2f9876a4	cdea047a406924fad4e6faf55fffe1722246e148642df49949e39ad462f1ef683b2b7597fbbeaa0cf3f2d278769968f014a977b6b297454bbffbf45689cfd090	8633a873-f147-4aba-9786-6f45f1e6bf6c	2023-05-07 17:36:03.113	2023-05-07 17:36:03.113
69b53abb-08bf-4aa6-94d7-8b3b7ae68d06	0c9812c9dd3eccb3dbace4560799716bd4767bef6a5c8dd1cced9f1606656643003cd980c415803f5b79c12a05a7231aefc997cf2dbb3d266cfeece6389858bb	8633a873-f147-4aba-9786-6f45f1e6bf6c	2023-05-07 17:40:55.291	2023-05-07 17:40:55.291
eadba4b7-769e-4537-b904-6fed64e6b324	f0fa9f042d3414201ba5dc99d853c475751945b1517592246f0aa5e1efed47f0b899bb77e2de601d469daf5dc4cc5e905547982e9383afb563cc38451431d0e8	8633a873-f147-4aba-9786-6f45f1e6bf6c	2023-05-07 17:41:42.191	2023-05-07 17:41:42.191
0b8c4356-90f5-44df-9ce0-357db28795d2	2a33c64dfbd6e26ca779d08e06b3a27342b499a25fb9e2f2cd0b5bdbb4066a2fa183622e3d3ae06cd847143f54093943bf439d2b4723e6896588c785ccceb126	8633a873-f147-4aba-9786-6f45f1e6bf6c	2023-05-07 17:42:06.033	2023-05-07 17:42:06.033
68389111-fab1-4d9a-af96-8aab3ee76651	521523a43470b2d62851c7ec042ec599274aa062cce02b21d357d9daf9a99636121f85c17d5a8b9b992c352befbd8c3a045caae9d0a1887f386fcfdf9042eee7	8633a873-f147-4aba-9786-6f45f1e6bf6c	2023-05-07 17:42:35.988	2023-05-07 17:42:35.988
f119e7f7-818c-4c31-adc5-4b15627c28d1	bbd40beb8d67ef01f5c79d5c2acce587ba63a07eb282ff4cd8b4ea4fb50b00a0dc8f25c82e2cb664693d9c0dd3a164e63a60d4b52074058daaf78607f7b3915e	8633a873-f147-4aba-9786-6f45f1e6bf6c	2023-05-07 17:42:59.085	2023-05-07 17:42:59.085
c16a9bab-b8da-4f20-ab10-e421cd61d2fe	e91aa84f2f23e7a7de8c1621cf22159ec610e24e9c05446f3bf7f01946f708b08373d62a93feb8832461d736e714b3d2ad36a05bb77331229f30c32f85fa0dad	8633a873-f147-4aba-9786-6f45f1e6bf6c	2023-05-07 17:43:13.326	2023-05-07 17:43:13.326
c491cdd7-70c3-4262-910c-dd1f83fd64b5	dbae5dad67a59845b134794697d157c7cf72685d4fcfaa391cd84b512395e31cdcc0bdfa77ad4359a8d63c1c263a7ecdb23fea81fafcf3a47766d9fdabd734d2	8633a873-f147-4aba-9786-6f45f1e6bf6c	2023-05-07 17:43:51.93	2023-05-07 17:43:51.93
3f5fe266-ff88-41bc-b6a8-1cddbd131cc6	f0162d60550f74d8131289b5c6451a9f414bc7aa4a929911a1dd0c1cff4c211bcda17227b34535fe17f1a8d1aa017d4ab294c0e5b2e2cfd617f7fe1a0c74cf21	8633a873-f147-4aba-9786-6f45f1e6bf6c	2023-05-07 17:44:26.372	2023-05-07 17:44:26.372
0e3eb514-798b-4e4b-91cf-8f6a3f51d031	6b834ecfcf2cf0e623acc4a345b0179c1af5f7661984871b1f5bf79098f1f056be80586c989c06576b9ca4d6254863929813832cf1d3ee9a6d51ea6f495be16d	8633a873-f147-4aba-9786-6f45f1e6bf6c	2023-05-07 17:44:49.284	2023-05-07 17:44:49.284
08ba5ee2-7ff5-4da6-b94a-46ec233d6bf8	41a4b22b01474ef7c4f0f63e502c9db5ca4f9775acf623b5c576adace77e769e8f888ec8a3d0642e907e8506324e278f266cf715fd2938f72ee749bc16ab86bd	8633a873-f147-4aba-9786-6f45f1e6bf6c	2023-05-07 17:45:08.906	2023-05-07 17:45:08.906
9e5d4a53-6ab6-4170-942d-634b1e7776a2	a6c155f81de220db744bd9cc7d2fb26dceef5de18c981ea62e9346194a00a74f0c3fb5c42208f36ee1c3d52abb377435402a7c257e1b491e0fb9b68b65413493	8633a873-f147-4aba-9786-6f45f1e6bf6c	2023-05-07 17:45:51.898	2023-05-07 17:45:51.898
49a30b62-3316-4f27-9b76-c2e1a3390354	2108ca4e94ed4334e7a9fe322d96546a6bf124e46be81a76ba220f577e038751bea1b75f7cf2aa2512572377acc6ed8c99f63908e04e1d17e1e4036247535f89	8633a873-f147-4aba-9786-6f45f1e6bf6c	2023-05-07 17:46:05.512	2023-05-07 17:46:05.512
ceec4fbf-3b21-443b-a4bd-6b2120c79083	e478894c82f1b42a87c890b72562bfd155776841e4a17cab381e8c53aa0c32a642e2c30a57f779406459df0d58eaa03777d29016309920aa6d35af92f86d1baf	8633a873-f147-4aba-9786-6f45f1e6bf6c	2023-05-07 17:46:28.527	2023-05-07 17:46:28.527
202701aa-17c0-4276-95a2-cc71c210d37f	14c52b283e429299a777c4d5b3c99f397ce18aea33f2d2cc586e0926057a9170bc95c1b4d30a61b9b2841a725f8dcdde1d3a67008d5af36e92ab2722c6dd2642	8633a873-f147-4aba-9786-6f45f1e6bf6c	2023-05-07 17:47:02.13	2023-05-07 17:47:02.13
42717a83-51dc-441c-a101-6abb49ba8dcc	34d3805b09ba80b6b25ca3d2817bc97a77d043ebfe5ae4d73d492efddfbe93d227ee54a32dd39a6e1458882510def5380a3d4c14ce2a4cc0ae5b564a4ca26c1a	8633a873-f147-4aba-9786-6f45f1e6bf6c	2023-05-07 17:47:33.065	2023-05-07 17:47:33.065
43c46ca3-c8db-42d0-9c41-f63c08c0056b	b55c0a3409bcb4c53c551e4e265b2b27414ed2eec80c7ff4b8a8e3292aeb506c857cda1d9ff13a0933c3a0214c9004960e27fe93ba71b19280c2c9cba14a10ee	8633a873-f147-4aba-9786-6f45f1e6bf6c	2023-05-07 17:47:51.208	2023-05-07 17:47:51.208
3c751850-44df-4838-bf8f-8f19d80164df	1480e81d29073c63979612d1ff1bbf86d4f95e5b2e010a004bd4cf718fded88695a3c95ccc65155ded8b0b53f11a19221f2c0314e9ef6033a6aa1af3ae4730bd	8633a873-f147-4aba-9786-6f45f1e6bf6c	2023-05-07 17:47:58.106	2023-05-07 17:47:58.106
5c2cb9a9-7273-4f3c-bb59-40fef80b8331	1ef31d7185666854623b2350ea4c432beccd7ea7c73748f8f1f771ed984640dadadb3375045acfbeaeeedf1471529e0f870006e5fc299360023679c820ba8a1c	8633a873-f147-4aba-9786-6f45f1e6bf6c	2023-05-07 17:48:36.75	2023-05-07 17:48:36.75
f9f05384-75b6-4c1f-b91d-e2e4f1e75e64	0193c2625442f8a374d8db2bd9220ba350ea57def790b8f216f4f4f7f479f88a304bcaafc054210499472d818a23621badc528a11cc285cd29c553a141d15e75	8633a873-f147-4aba-9786-6f45f1e6bf6c	2023-05-07 17:49:51.217	2023-05-07 17:49:51.217
682446dd-d0e3-43d6-9db7-c963f6e6dcef	b6b3fe805617f6d4746640774493050b6c55c7c1e6935fa1a604347749686454dc0192119b157261aabdacd5dc3c20d3574fbd5ef327e10e66c21ee8b20ad054	8633a873-f147-4aba-9786-6f45f1e6bf6c	2023-05-08 03:29:38.352	2023-05-08 03:29:38.352
d0e3671d-c07d-43ae-855a-b2d52dfae883	980baa67abe76732602b507cc9bb485c0995c5c6ac98e568253af9118ce718833432ba4392d94b02828324581916e6d4e487967e65333426ce54f887aa13e21d	8633a873-f147-4aba-9786-6f45f1e6bf6c	2023-05-08 03:29:38.423	2023-05-08 03:29:38.423
25db32d6-6993-494c-a748-b2639fbcffd5	19355acacc5aa33b3e17858a6a7666817622dd11431b734049554dcb80557b202f2217d8fa9cd79456f06ebfeac0ff96f5bdddaff3960f56cd522c96604fa5f6	8633a873-f147-4aba-9786-6f45f1e6bf6c	2023-05-08 04:50:37.771	2023-05-08 04:50:37.771
f80ddec4-cd75-4e99-a5a3-9e853b8710e0	8a5f5d5f2577dc261ff405a91868a1d0d7b7e1e06706b2eeb93761713d2a153c2be7f48b2023db0e22049f46876de4232892c21d9ab62641536cddd038b81242	8633a873-f147-4aba-9786-6f45f1e6bf6c	2023-05-08 04:50:37.81	2023-05-08 04:50:37.81
acb9e7ee-190b-4b5c-9145-03b4e74aeb08	bb32f83307ae3f443153c8472222ff26bb479d57304dc4953fdd4791557e590d000d41c63c7bcfaf92b2e3198ba5103e5b12914af18f7adc93cdabf24448a9ff	8633a873-f147-4aba-9786-6f45f1e6bf6c	2023-05-08 06:04:14.534	2023-05-08 06:04:14.534
86ee6fd8-7b6b-4c64-bc5f-39cf9e800bf3	ef50f734b8e5edc0400144934066c93f0890bc8666ddf281ae7679403cedb27616942e3fc7f6f2094ab1cc82eb18c12f03de6a5aeccf3fb3410a6732b76a8528	8633a873-f147-4aba-9786-6f45f1e6bf6c	2023-05-08 06:04:14.565	2023-05-08 06:04:14.565
f23917eb-9d97-4b50-8215-9f07129c6c26	163c7a710e7a97f1682f58852ba56edc5faea6c9ae4b374db8b66c204eb9c66b37cc47a2bcd7b09903a7b8ac46ed6b70e8a8180c596491ed0ab0da808c333311	8633a873-f147-4aba-9786-6f45f1e6bf6c	2023-05-08 06:53:46.988	2023-05-08 06:53:46.988
12e9f998-739a-4ee2-a34a-138e9b9f6d8f	ade149686c369ce54877428e00ac122dc608a5b1c9c0136e61dab363627ecf0d78bb68b1fbd7c802d9bf7c1d7be11729909a01f056e184155b90f398028eed0a	8633a873-f147-4aba-9786-6f45f1e6bf6c	2023-05-08 06:56:58.017	2023-05-08 06:56:58.017
e32e4531-2488-49c3-bf61-1ba2ec6d1d6e	d9b497c647164dab473399c4824d57be892e1088504ea4c5722803915b4ca9bb88372b58dad23a286030bb209f4c74f3ce219a853b5b951f96da8bb0e94ed88b	8633a873-f147-4aba-9786-6f45f1e6bf6c	2023-05-08 07:06:36.777	2023-05-08 07:06:36.777
6ae666a9-36bf-4629-87d6-b77d48b6068b	da8f8a9f804f6bbf72c6be16779a739ca23a15c1864e72c99c4acb7b633d87c4b199caf566c0d7816d5fb0201edc9b42bfdc93e6b09e18cb67822418164fdeae	8633a873-f147-4aba-9786-6f45f1e6bf6c	2023-05-08 07:08:28.164	2023-05-08 07:08:28.164
fd5bfc10-e087-41ae-b011-eacdd7555668	f74cee97bf61a12192b8bd386f275e738b7a43ee1d384a0a9183135a97a504d217433b47804ffa5258aefabf81c28841210380f2241fa8866161b2275b8eec79	8633a873-f147-4aba-9786-6f45f1e6bf6c	2023-05-08 07:12:43.412	2023-05-08 07:12:43.412
d96d745b-5ec3-430c-b7da-44e3859efcab	edc98e97ae00b337f79ab3d618dbaf5265a97ec258cec7dd7c46a3624c351e24b80ccda36d1d100d1e9575233c18807af96197c0cc8acf0b4a32ed907ef570b1	8633a873-f147-4aba-9786-6f45f1e6bf6c	2023-05-08 07:19:08.172	2023-05-08 07:19:08.172
37e5cb79-f1ad-40b5-a0d9-5416f586cc4e	3917a18326ab355109711e34ae092b927f1856c6d84f68f612517a752fd82ec8df213b262d26a1dd02453ed63bde4c3f8268c6e0e1ef786fd1d1931a4a3de64f	8633a873-f147-4aba-9786-6f45f1e6bf6c	2023-05-08 07:20:14.082	2023-05-08 07:20:14.082
368ac78b-fa7b-49a3-a5f3-0aaa1014f776	21d3341414ef17fbe62a6d3d8a199d92c8c017fdc0734fd3e45566bb4d51b664aa0949600627a5224fb0830b7a0c6b68e8077cf32a0ca3d388a173895eee1a82	8633a873-f147-4aba-9786-6f45f1e6bf6c	2023-05-08 07:21:45.268	2023-05-08 07:21:45.268
a5a8a0f7-9554-4ae0-8b5c-2be8463528db	94f767997240c07bec29bd7f7740fc1275c8ab04f05fcc3d2716b5d70519be094c82ee15068f7ad8317ce373c68f881493fdd24ad1a14360d8cb3fbb7c84320e	8633a873-f147-4aba-9786-6f45f1e6bf6c	2023-05-08 07:23:03.087	2023-05-08 07:23:03.087
98f0813b-c5ab-4c50-b6e0-f31ba30e0f8a	34debfec925be9ba0274ea06a1235967d26d31d2df3d5809f34bf51cc89167987dfb411003aeead321e834a752e1ca36772610cf8893e84969fb1564053eec90	8633a873-f147-4aba-9786-6f45f1e6bf6c	2023-05-08 07:23:49.678	2023-05-08 07:23:49.678
58fa1cc9-ae84-4e2e-a88b-cd5820030c98	4fe41e4a69a854f4bbc89da7db57ff358166937eada8179093d121844e1f05b43172cfe0dca825f6dccc9be10d9e6fa968bb117b200759ad31c641820c6ac6ff	8633a873-f147-4aba-9786-6f45f1e6bf6c	2023-05-08 07:53:45.635	2023-05-08 07:53:45.635
654a334c-3206-420d-973f-422cea542005	a5a6d07eb0cd0d33840c6360e3050ee4b541b8f504f1d9a79a78e33681e6008ab3fb1421e2a51ac5f5a615f893cb872ceb2ea5a8713d2e88b30c9050dc36cd1a	8633a873-f147-4aba-9786-6f45f1e6bf6c	2023-05-08 08:01:33.75	2023-05-08 08:01:33.75
9b534d57-043b-4eb9-860e-ad595250b03f	558668cb77ed5b99317aa68ebe3dd47c053e7c1a680d75a3a59126f6e3884e42e14d0ea1e3cc9106e6a27c4c738eacce90587f5caf560c3fa1ff2cbeaa8dae7b	8633a873-f147-4aba-9786-6f45f1e6bf6c	2023-05-08 08:40:03.935	2023-05-08 08:40:03.935
cc89abaa-f661-4dce-b892-5af16548ef1c	d3f5327c4dc7a13a148c9a0cfc82224ccbf36c395a5cb31ac9bfc73bcd6773d49d1f43aa5f6870f6f52a5503d2ed01355080e21b916aca523c3612c0c92ffbd2	8633a873-f147-4aba-9786-6f45f1e6bf6c	2023-05-08 10:12:54.604	2023-05-08 10:12:54.604
b887fa39-2d1a-47be-9883-6844c4f1f745	080b3279617106944df8d755af3f3832e16853ee5b010ea867e911b828dd8897a5e101ba5b537e0a13ea8116a8cfdacb25ae2e74168668cfba2af4a283483fd1	8633a873-f147-4aba-9786-6f45f1e6bf6c	2023-05-08 10:30:49.565	2023-05-08 10:30:49.565
10f97d89-91ee-4a12-b3ae-fe61c7d0aafb	6c850a897fe8874d96bf5a6595c0ce27802b71efd3750627a15487f83a9858d1a7f0f712008d7a1b0457eb804aa9c1f12c0a9b19d463ce6b75624fcd03f62f3f	8633a873-f147-4aba-9786-6f45f1e6bf6c	2023-05-08 10:30:49.628	2023-05-08 10:30:49.628
a511367e-e2cc-4052-8e80-9bac479aa896	a2203431de8340a5d507c8186c05d5711c29443eab2b118238b4c4ddc655e6fa52263b7e0d5157dffbf858315aa656812382710822b51fad5fa81f077b8eb900	8633a873-f147-4aba-9786-6f45f1e6bf6c	2023-05-08 10:33:16.629	2023-05-08 10:33:16.629
7c5ea2e4-a14e-4249-9655-3f52226e0b3f	e6896621d6a07926c453aa68560fd5e0ec5b80143c220023996115cbf494b071f191cebe730a48c8b897ef70d7a67e715cafe2588d661ace57ec2ac84b89b21f	8633a873-f147-4aba-9786-6f45f1e6bf6c	2023-05-08 10:41:38.982	2023-05-08 10:41:38.982
c1112346-171c-4eb4-9365-216c4a2c074f	020b736132cf835a6f6e2e88c553214a776e256fc2fe7655645cf07e845d1228266d4fa4a46dfd32d92a92d1407f0bdd415242c46f8ece8515ed855346b2f87c	8633a873-f147-4aba-9786-6f45f1e6bf6c	2023-05-08 11:05:21.152	2023-05-08 11:05:21.152
cc1633ef-9c5e-4bb3-89f1-61c7b10ddf86	0c37756587771328bdb9cd71a8068d7f52961412b91b8374993bdd735ecab820fe1ac6aea50e3044c673cc9289bdd4cffbceb1e68f1818d9efc7fbe2b25f4054	8633a873-f147-4aba-9786-6f45f1e6bf6c	2023-05-08 11:05:42.546	2023-05-08 11:05:42.546
5139290d-80e8-47c4-8acd-5eb3a573c429	45a2d528b61ca0ebe954f2d9a96be06c3ebeaf0d1469809ddb51f8b58f6324ee61f10ae97d361a49ef59ef681311aac09a7b640ec237930f925acfef9a6d792c	8633a873-f147-4aba-9786-6f45f1e6bf6c	2023-05-08 11:06:15.092	2023-05-08 11:06:15.092
bb209c68-72a2-4691-b128-39f687c1123e	8f1cf4ceb957cab732de9eb9b66ecca3af23fdeb435dad7d30004d0a96d511fdae66d2bafa1b9f30eba73c5d754348cfd53f2fe1dd3273d997560ab046b0886f	8633a873-f147-4aba-9786-6f45f1e6bf6c	2023-05-08 11:22:26.184	2023-05-08 11:22:26.184
d8cfcf65-a4c2-4a15-adfc-73af518d9275	8fbfb2b4a88289540d07d7e2b839319b0ca6bcb61a821927a2368d7a4758c03ca3684ef40ebec643d97ee4ef6b8038c5b7c495ea3d18660ae54dc40cd5ea2a88	8633a873-f147-4aba-9786-6f45f1e6bf6c	2023-05-08 11:22:26.221	2023-05-08 11:22:26.221
e3d38be9-4488-4e2a-b025-575b06443009	ce659b3fbe04f8cbb00c4888888621982bebf6dd379008c47906e2151f2ab604ad3c4bf5fa48c26b5e2f72088548a845552d1e0420ef7d48c22483aa7bed3ab7	8633a873-f147-4aba-9786-6f45f1e6bf6c	2023-05-08 11:22:29.899	2023-05-08 11:22:29.899
ec78d92e-1dc8-4e2e-a5de-196ced66e743	517971ab87a1b14a450f3b11d6afc66764c6e096bb60b38fc62da5e7437d221c619704539cce191eb885eceadd83910c05db213ca1c9280231fdfe664410ca31	8633a873-f147-4aba-9786-6f45f1e6bf6c	2023-05-08 11:23:11.55	2023-05-08 11:23:11.55
db410cdd-8445-4ad2-8892-4ad079a4b8fe	af775253b34ac6a8025b11f7b924660b72c273f01a5905029d1ace6baabbe9a9c1afa3e515e7a99bd7c0e09b0e9e0dd4d1d7bd3f139f1e227db9acfbe8075528	8633a873-f147-4aba-9786-6f45f1e6bf6c	2023-05-08 11:23:11.61	2023-05-08 11:23:11.61
61320910-29cc-4ad4-8750-aab73ff0600a	6b3030726cbb760acd2ecad36987a22f929691d058e32bb2d293604c4fea545bf78065460cd87935bfa7b6b44c6d7258a69272918fdc492b17239d7d7865ec30	8633a873-f147-4aba-9786-6f45f1e6bf6c	2023-05-08 11:23:58.266	2023-05-08 11:23:58.266
7c4c706d-e1eb-46be-92c0-d9d8c8cfbbde	4888f7d2f26ba0d8fbbcae879b66ff0ab5140fd4568a8cdf6abf4b42429a6f5628e95597686204ea15058482f8400eb5ad2bc21efd64bcf3d9101fd125c3673e	8633a873-f147-4aba-9786-6f45f1e6bf6c	2023-05-08 11:23:58.326	2023-05-08 11:23:58.326
d270318a-dda2-4107-910c-5de0890f4b91	5097538a43bcd9b97568e2a3973704600b072cd51f7c7ef216489e990969332e4495720a16b5672ffca0182723430f3bec823a8a8833ab8aa40c04ba8e12ef7a	8633a873-f147-4aba-9786-6f45f1e6bf6c	2023-05-08 11:24:10.746	2023-05-08 11:24:10.746
2b5e6202-13d0-4c41-a69a-9d43eb9bf7a8	2bd05de948468e19587a50e92533e2237f159284afe1983e5b67b0361d0535d70a9ffb114de1dcdbe02b6c8abcb9c4f0b13e5d8501072ea5c5fb38b7996e6643	8633a873-f147-4aba-9786-6f45f1e6bf6c	2023-05-08 11:24:10.805	2023-05-08 11:24:10.805
00e4542a-a316-4da9-9d64-b633e90bdc67	f2066631a5ca29dbf93e2923a135667ee4033eac02922b4ccf72eae9515d618f0464a67d7963154c8bc5dee96e4d8d73e9c9986028db7fcedf3fc1b9baa513a0	8633a873-f147-4aba-9786-6f45f1e6bf6c	2023-05-08 11:24:13.128	2023-05-08 11:24:13.128
1e1b63bb-1c0e-4681-93d7-5803d02086bd	e8c7f96b40e8a54b6179f514cca5a938f76c8aab939b3627c6f267c10da9d96120330cd751d706d4ab235f24755c68963eff9e3cee1d2e83a26104dc0a5bc709	8633a873-f147-4aba-9786-6f45f1e6bf6c	2023-05-08 11:24:30.623	2023-05-08 11:24:30.623
66139acc-7024-4250-84bb-1b00fd70c93b	cf2f21befdd18abaf2cb2b5bd4e3632f11cdbc510442b888cd3f043e1cbeedfbf8fe058d7c238b2b62bb83ef7091e3ee55872624b30fe7d9f612a269b063a462	8633a873-f147-4aba-9786-6f45f1e6bf6c	2023-05-08 11:26:00.126	2023-05-08 11:26:00.126
05258252-5ffd-4756-9112-1cec7f1b47c2	2ef311093f45bb9163b4246564afcbec7541313fd6014870d4f9449312448c707dc7ccba1ff15d040f2d3bc79bac650285ffd9d9f0a10a756a1a219821bc639c	8633a873-f147-4aba-9786-6f45f1e6bf6c	2023-05-08 11:26:00.222	2023-05-08 11:26:00.222
b87e907b-fab9-4d8b-b417-ebf87cdca623	41170ffe7f2652e30d59ae282730aafe0e13f3efbcb6f93502d761d90480c315e50e3d5c758bbfbc4da8b5c40d5cfdeda4353f980109db0d45b10069773dd53d	8633a873-f147-4aba-9786-6f45f1e6bf6c	2023-05-08 11:28:32.155	2023-05-08 11:28:32.155
437c603a-e003-4527-aaca-c4197aa18500	84dcfd82ff9aae75de3b634fcf9f2dba67bfe5fc097f66bcf15912217f473b2bac1ecd37d9319275e4757bb2c799b00e1f8c04c8a0ed0cda67228085afd0a58e	8633a873-f147-4aba-9786-6f45f1e6bf6c	2023-05-08 11:28:35.259	2023-05-08 11:28:35.259
418656ad-5038-416e-93db-c92d3af4b96e	b6d84232a6df5169a19258c77c5edb58ec3fd30d268335a6ffffba9cd38fc764bb6877253b75c153a760fd0d74a99df5b68c760582300b6cfd8cec597ed77a44	8633a873-f147-4aba-9786-6f45f1e6bf6c	2023-05-08 11:28:47.492	2023-05-08 11:28:47.492
f6864ed9-ea89-4115-b9f7-b52d89321289	8090ebd3b8188822c1a6890815425bce40c636bccb8f8c575528005ff7578e4377ba6e7d512315741db9c340c7155327e3d8db7d1d43ad43bffc4f4231ee0daa	8633a873-f147-4aba-9786-6f45f1e6bf6c	2023-05-08 11:28:49.561	2023-05-08 11:28:49.561
09e509b9-4066-4cd0-93d8-1801165b13ec	6e7e989317a7c3e124ee79e9d202988884d2cabcfbedb713aceeb3b71caa579c597f1a6149469a7e14a8ec934fe22317df647978d2b44fa1961e3ef7c51a08fd	8633a873-f147-4aba-9786-6f45f1e6bf6c	2023-05-08 11:29:39.207	2023-05-08 11:29:39.207
bc4fe160-9d2b-4827-80a2-759720a86429	6354bfa2f7b4ad3fa190768bae89d0f09ee264999c225ad090bfdff915281316f748a8035fbfbb99b2e3dff0af267e8c25f01abe1c6edb96ce01c8193aaec674	8633a873-f147-4aba-9786-6f45f1e6bf6c	2023-05-08 11:29:41.851	2023-05-08 11:29:41.851
f4bfbf90-f7eb-4361-b4cd-347bfc11f6fc	7c2f0b2d9160754b196533926c4eec6f8c8f210cd5b14c37f204cccc24da217af700c8932c542a47eeec0f61a98345615faa80b5ae85474c9e68d7828c2fdb50	8633a873-f147-4aba-9786-6f45f1e6bf6c	2023-05-08 11:29:47.788	2023-05-08 11:29:47.788
24f72b95-cc04-411c-b1cc-f0ecf51b4682	a322318642c0a564e8841384a32cf7fc0314b50d14c58351017d40ea11a6e4e014d8d3feda43f7e729da865ffe6f7f29a30cc6eb709fafc74cd09f6faa63a268	8633a873-f147-4aba-9786-6f45f1e6bf6c	2023-05-08 11:29:51.678	2023-05-08 11:29:51.678
47b6b72d-5450-4f4e-b857-2fe8fd195363	5c5fcb73f8fa7ce5f306abe18d1ea1b01e8f0393ff8de3013482742e327047b952fa0c2f2aa30d65864fb97dfd8b989980fe54b78c7854bd09bf20945f1a244b	8633a873-f147-4aba-9786-6f45f1e6bf6c	2023-05-08 11:30:07.892	2023-05-08 11:30:07.892
2d2f7105-e63f-4c39-ba04-41ee378bb163	b18ca38385fe2024a74eb3e731ec2d41d6e3805fa99c89da832dbe668cf1ac0566a036121d62bc1446ea3802cead1c06994e9be5e5db8f57ea3547374a56fec4	8633a873-f147-4aba-9786-6f45f1e6bf6c	2023-05-08 11:30:45.583	2023-05-08 11:30:45.583
c119e998-d980-4e88-bf76-41d14fa09bd6	08b179371ea69a8b4199c3c307a087324a9f347cb34f6a40f4c73b8b22de0af3d1100dfe5693e09aa1bb103ac5ca89055c99d8bb52c586ec0c9fe9791dca4e80	8633a873-f147-4aba-9786-6f45f1e6bf6c	2023-05-08 11:30:45.644	2023-05-08 11:30:45.644
531dbeb2-a730-4222-b4d3-c9e612bca607	5dfb640d10f236e71100ae1589a0e71ab9bbdfe8c4a7eea8e31746d6708fdb03d93304d4ce9e1c82988d04e290d2121daadbf6e2c7007138a8b17b7fb7787fc1	8633a873-f147-4aba-9786-6f45f1e6bf6c	2023-05-08 11:31:07.776	2023-05-08 11:31:07.776
32c14070-8cd1-4582-8c2a-812367337970	5fbe086ffbb14956711aea8e670b8cc225a80b0a60afef19ff02bacb8d3b51865f7a3bedb7ce58b5b021b875d0a95939744900f446c1ff0545cee4539e1966de	8633a873-f147-4aba-9786-6f45f1e6bf6c	2023-05-08 11:31:10.349	2023-05-08 11:31:10.349
9e987b62-a7eb-4e4a-b323-efd5e6a58e7c	a47aebf8e346b034cf578414adbd37853eb23157fe7dc57bbd2b259cf544b6f210312c9e7be7c135db0f5074e709d9a2335c3e270779a95327ffd03a1bcc8caf	8633a873-f147-4aba-9786-6f45f1e6bf6c	2023-05-08 11:31:29.411	2023-05-08 11:31:29.411
573d7048-9e24-485e-80dc-863ac65fe115	cfd6999e46057d6852b81a44635ba545f682230913e7e0c51ee99a0e7afc2c8309d34f456e077b281cf3b70941fabb27f4f1836b278b117413d5f6857852d625	8633a873-f147-4aba-9786-6f45f1e6bf6c	2023-05-08 11:31:34.542	2023-05-08 11:31:34.542
a085c95a-8880-42b3-9168-182823fc8684	45fd291c7bbb99386168f762c0a00d7b83caad256006fae3bd3c2cbe23ac39788c204377db152ad2a69926f386fa8a3b23e30b918c88b5c8aaf6037d097645fd	8633a873-f147-4aba-9786-6f45f1e6bf6c	2023-05-08 11:31:39.98	2023-05-08 11:31:39.98
7cbda0df-3308-404a-9de5-28cf3a9f7cef	356ab5aa2463bf239348aa2c55f14b6850c868a27848be6ecf8b27c2a7af863b9150a6f0073da8c1bf8ef800057ebe2c766be0b3cfe56f6fe81bba5d44a604c0	8633a873-f147-4aba-9786-6f45f1e6bf6c	2023-05-08 11:31:42.29	2023-05-08 11:31:42.29
d5f01700-bef6-427a-9db7-891e574000f2	7ca817f8976abc9f9d6c55fb9c327095a7152cbf077b411a7e6d1b8ed14b0a793cb666610947322b97c6b6c045135ce5980ce6729c569f3da9e7abdcd1504ec2	8633a873-f147-4aba-9786-6f45f1e6bf6c	2023-05-08 11:38:57.978	2023-05-08 11:38:57.978
e4e32f5d-a229-4fed-b846-20440b2bd17e	9af7c0dcb91c7380e2e9a4e018fa02e7a1597e6f3e3036974a2fb49ea644e1a2fd7b84689928dbf32cae2109d705cf9ed5790e0ace97fd1f88576b55c06cdb7f	8633a873-f147-4aba-9786-6f45f1e6bf6c	2023-05-08 11:41:16.962	2023-05-08 11:41:16.962
e8c1bbc3-3145-4523-ab75-7ed433b1b457	f5ff361de81a2fa7e6df9af673c92fe959ca79ce7cfa70cf31919e459f13e684fc1c466c54f361c383b4c190261a862d7d84e32019c7f0e38b5fd73c9f4bfa66	8633a873-f147-4aba-9786-6f45f1e6bf6c	2023-05-08 11:41:37.497	2023-05-08 11:41:37.497
05956add-62a6-4095-8900-68e2e84212f4	13973c42ddd1bdb458200c2b806c419279e0547f72d014f03215fb9d575da6fa2a8ca5ecc2df71ba17bef24bb7f2b77e483218b6c52152c632ce11e25f877b58	8633a873-f147-4aba-9786-6f45f1e6bf6c	2023-05-08 11:41:53.384	2023-05-08 11:41:53.384
112f6685-18c0-499e-b777-2282b5b1e0a5	0c922c3ed221fc5ad86e0b85a6a320d84d96d66fca5608956ef4edcfabf43a3de21e1523b25b65502c404877024830272892b7d0d2788ef9a7d4e00138e44b3d	8633a873-f147-4aba-9786-6f45f1e6bf6c	2023-05-08 11:44:26.098	2023-05-08 11:44:26.098
fb5eb1f3-d428-40fa-b526-3461653dd6e2	90877d144a8899b841e05f84c62e139807dd9533321f0deeea7b5d1a18fb63f6969489f1e35e869b8bb53ad6ef7347854178183446a250487d4d495033e02a00	8633a873-f147-4aba-9786-6f45f1e6bf6c	2023-05-08 11:44:37.132	2023-05-08 11:44:37.132
e7adbe83-b509-405f-9a1a-c9d0b1dad9b8	02b182df21e15baef1de53bcdeab57b1a2437ec1729b1f64f79d3a42cbbc09d212099a685552b22a6eefbd3d172405c5f62a05239accd993173e1ba73b33f62b	8633a873-f147-4aba-9786-6f45f1e6bf6c	2023-05-08 11:44:59.733	2023-05-08 11:44:59.733
ca9dd6a6-a017-4a3c-bcde-ce52df000168	8c11f692f165f0d24116f4e2f6ea1202d8a316fe5085c8d206071c11a3796fb98a4147d5c94098558744edbcb69b2a71f1ac1cb71889d1bab018547fca653f48	8633a873-f147-4aba-9786-6f45f1e6bf6c	2023-05-08 11:45:04.104	2023-05-08 11:45:04.104
cc673102-ddc2-45f7-aae3-30065fdb33e8	88cc8e1414964cf828d89bd095dfc2f4e88b0714043686bc71294bb171ea302728040b44d0488adfaa4a23e36d077fc9491f1679171193124a52558518ed6bf1	8633a873-f147-4aba-9786-6f45f1e6bf6c	2023-05-08 11:45:13.588	2023-05-08 11:45:13.588
531107f8-2235-4385-aebf-8258a8c4a6aa	4f0e07a5c9b60f9a33db868df390083fd708078dbf0e08607ed7a7d300dba85bbdbd40f2e0dbb66eba43cb5862ee87e42e652f79c1212fcbac40ef37ff436bad	8633a873-f147-4aba-9786-6f45f1e6bf6c	2023-05-08 11:45:21.119	2023-05-08 11:45:21.119
12e9c4ab-087b-456f-a2e5-c11fb38b6be1	9d9e4cec11407eb5148aac3b5e325c12ce21ead9e37348f9958232d5c2511e88d99f98dd2d48816b1eec8265145f5e1cb5c2d7143ac26c9079f220ce64029762	8633a873-f147-4aba-9786-6f45f1e6bf6c	2023-05-08 11:45:44.762	2023-05-08 11:45:44.762
a6b0fc29-14f7-4422-bbb3-29bb798304a1	339def6445e416a599a7c5b159de7b26a1df55eaf001159d6ef45296de5b31862ea4aeff0f0b166d52d637c44775057a47b51dbbb3e2f664f43c77168154de24	8633a873-f147-4aba-9786-6f45f1e6bf6c	2023-05-08 11:46:31.453	2023-05-08 11:46:31.453
4b7487a2-dddb-42cc-9ebe-98739a535b48	9a0c4abc49cb9eb61f82344112f93b788f2b9591cd141eed07531df9e48e00bc5fc9c79259d7ef16a1f10c47550fc0124764bde89c1f7619f01989da683f5560	8633a873-f147-4aba-9786-6f45f1e6bf6c	2023-05-09 04:01:47.168	2023-05-09 04:01:47.168
65db090b-2c4c-4b27-85a7-14145ad115f6	91d24e3baf8c28f879f248da77dbde500198f3214ae5d65918d64a54a5e81c548df4e4af9dacbf88884aa5ea470136bf471d49e178693dea0e15d2ef6a738cee	8633a873-f147-4aba-9786-6f45f1e6bf6c	2023-05-09 04:01:47.212	2023-05-09 04:01:47.212
d5261d7e-3a22-46bf-9c33-e111c1436c66	ec00efee7d036c3479fdaa777bd2799f61944b9fe37173c8cd1b11765ab80a6ec60bce7d64a6dc5b7cb1eec62cecd429c2a06f833d2a7e36f5b0c117620a8457	8633a873-f147-4aba-9786-6f45f1e6bf6c	2023-05-09 04:01:54.318	2023-05-09 04:01:54.318
fc67c935-5f45-4d98-820d-125aad7c6641	73af2dd9602f7108ca6c044d06aa8dc10489eb633726ca67b560c408447422269bbca41ad03849ab9c8b8376f4c561bacd7d1a55f82512157f346fa3f22a6035	8633a873-f147-4aba-9786-6f45f1e6bf6c	2023-05-09 04:04:44.019	2023-05-09 04:04:44.019
530f9b6c-6209-4f8d-8236-39069b2709b3	6a82a2276b46c4a6de86f974178503bd44bf7a3cc7f271e61c5163c1afe7aba0b10e662ef62b614072d86ca239949d2d435ac9fb092e8a19c55bb97859266b7a	8633a873-f147-4aba-9786-6f45f1e6bf6c	2023-05-09 04:06:05.262	2023-05-09 04:06:05.262
629488ee-19b2-4181-ad06-6352cdd72b9e	362c9163b9f8513d75e4ce3157bb66e408e3b610214146f3b59f66af60e59e6884a08f55452be75cb9de19257b1caa2dab06f1bff26dc2e9389382f0fff46919	8633a873-f147-4aba-9786-6f45f1e6bf6c	2023-05-09 04:16:16.67	2023-05-09 04:16:16.67
d7e88363-e4f2-4e6a-b259-875f76e8d7c6	2c74c47c6c0e37669b33ca427e8eb3d160770f508cf45a81871192ea0af14ad833b8d930974b311d1f84f50e634d08efbcb65ad8a44b0096f1187ca796cdfbb6	8633a873-f147-4aba-9786-6f45f1e6bf6c	2023-05-09 04:16:33.927	2023-05-09 04:16:33.927
792b048a-da26-4cfa-a8e6-829970a062b9	728cbed48562ff637e5b35f232bc1cec1a88eb04fc9faa8fc78bda8fbd07baf470a1a45817490c4f08b4296c2833c4fec59112510f60b86b8fe3e645cafc1f94	8633a873-f147-4aba-9786-6f45f1e6bf6c	2023-05-09 06:03:41.449	2023-05-09 06:03:41.449
17bbb1ee-ae03-4bf9-9120-f2dec8789110	0511a139d2f6ca227d56bb66aa7fa722d06ca94de0c432e74517832dccec0c04398aaeb0f4164176d219d4f7efb258a1d537cdf95f072a2b0e56deff474fa403	8633a873-f147-4aba-9786-6f45f1e6bf6c	2023-05-09 06:10:13.707	2023-05-09 06:10:13.707
40c58c7e-02dc-42bc-b797-ffc0b1578468	b03c85f009e263c181e1c554604193968abb248681f59cb97e763c4bf02a543ee247f6aa0d1f9ef3fcd0c1dfe6a139d50ff7fe0451b84cf92fd682c0358dfeea	8633a873-f147-4aba-9786-6f45f1e6bf6c	2023-05-09 06:10:21.379	2023-05-09 06:10:21.379
b46726fc-e635-43d7-b29e-d116a778604b	c706b480cb326bee8e039b212211b874d1c2ccc23b3bdb55a796947ab932114ea66157646512a75923fe7b0a84dd657c9a090f3dacb2d4ccef14923695e17d6a	8633a873-f147-4aba-9786-6f45f1e6bf6c	2023-05-09 06:10:57.012	2023-05-09 06:10:57.012
a7a712e6-af81-46d1-94ed-22ec24101785	a36f57d5194019f517faeb26d9510174cb1b8cf4b5e4e0fd5bf46ae5ed7b33dc309bec06b373da1a6d368ab37d441350f9144f305c17bf22d836b2ccbe0b0753	8633a873-f147-4aba-9786-6f45f1e6bf6c	2023-05-09 06:12:30.639	2023-05-09 06:12:30.639
1516ec4d-8e6d-48ce-9b23-e3eff4c8263a	e5b03ac9e08dac8f5adf25a2f021d5d8bfa63da0b2a8a2a49f23ee10efb3d319ecee5336642fa5f87b9d7ecf65da79de1155c60ff34075862a9b7ba89d0ecef6	8633a873-f147-4aba-9786-6f45f1e6bf6c	2023-05-09 06:13:17.825	2023-05-09 06:13:17.825
6335fb7d-be31-400a-9e33-59c44a87fbbf	bc05c7ea7df4aca377c36209dd0a375c7d35d9fb22e44b65446d94f31b674773c2d9993aa9f7822d02cf2e352bf12fe547d81bdfc1c534191041ff6a2ebf370d	8633a873-f147-4aba-9786-6f45f1e6bf6c	2023-05-09 06:13:51.574	2023-05-09 06:13:51.574
526ebdc2-d00f-465d-ba65-c0b754585aae	c33a5b2e5608728276217d62a9f5de2daeb32fa95525444fe8a3d7a1386f23cf6618ddfdc3892997c0cc9f6ff1c0c08cd2e8c1a4dfeabc8978b03826d917635b	8633a873-f147-4aba-9786-6f45f1e6bf6c	2023-05-09 06:13:57.415	2023-05-09 06:13:57.415
a9acee59-8205-4f18-a496-1ed7bb5fa138	8634a33a3a1d6f9be4702c407351f492b961e2363c21a51816357b22d2206b26db5ca3e84bf5e3317af844c09d5d0866bc9b269c63eb340a1b402b43490e52f5	8633a873-f147-4aba-9786-6f45f1e6bf6c	2023-05-09 06:14:31.442	2023-05-09 06:14:31.442
1e257917-60c6-409c-b7ee-7bec81c264e6	9b2d73c8bd0e2d07a23e18ef7245a42e986bebf214be17325797707d0d6c604fde9505e34075eb485703783e4a92621372d7c4e9943cf21d8b26a55dcc140cf5	8633a873-f147-4aba-9786-6f45f1e6bf6c	2023-05-09 06:14:39.945	2023-05-09 06:14:39.945
881b6bd5-bd9e-4cb5-9f1b-fa7ddaa7ae56	725af2a8c939ef4e16fc40ee3d149056d4d672d629c64012d06c9ea45c2621592fa77a4956d8b0470f658b24295c97dea3144e735dd34ff2c15337de710f0ce1	8633a873-f147-4aba-9786-6f45f1e6bf6c	2023-05-09 06:15:04.235	2023-05-09 06:15:04.235
a1a33d0f-b929-4062-8dd3-f8bebc0705d9	3c05921a86eb5c008486acf3deb9aeaaac6f6477f311a90e32b59ad251a7cd0ce0497993588da46d723c5ddf72a4554d743ab254f7e7ea88c966b26837ce6418	8633a873-f147-4aba-9786-6f45f1e6bf6c	2023-05-09 06:15:39.794	2023-05-09 06:15:39.794
3174d328-fb44-4d95-a4d3-3ec150072a72	c78aa66ffd285814083e6d8df423c89ebc1aea6643aa732c07d2bb3eaae748bcabac7fb6c9c96e8174e7432abee860e0df98316578731d677433fe0e666815fb	8633a873-f147-4aba-9786-6f45f1e6bf6c	2023-05-09 06:19:16.272	2023-05-09 06:19:16.272
4f31f376-dd5d-419b-9027-558e4cc16884	bcc1f4d9a43372106fa07ecd6bdffc0abff20d9da96e429d423f4e4e7abb6ca775c1cc37e5174a2cac61df9ea5fa9adb99b493647e36bdd636486962ab4c05b5	8633a873-f147-4aba-9786-6f45f1e6bf6c	2023-05-09 06:19:53.52	2023-05-09 06:19:53.52
0df24a4b-6596-4b04-b015-fd9df141d163	a095816902148c2c64e91236c05fea6593ebc78d997940866125b7040ffae737f11e5442d905fed783b767d43add17bad89fe569b5862c1aa378fd2968db0556	8633a873-f147-4aba-9786-6f45f1e6bf6c	2023-05-09 06:20:33.644	2023-05-09 06:20:33.644
11fc84db-eb1f-4995-900f-3a4a67330e05	ca35f0e7f2d5ff487358ba4fefd503c8bd1ac4e51cc63312919ced803ed28dc74bfd05f140b4e061ead6190270a2b4f24a2f3382d4c15048bf3538606503d9c9	8633a873-f147-4aba-9786-6f45f1e6bf6c	2023-05-09 06:22:11.507	2023-05-09 06:22:11.507
902b6900-4a5f-4ec2-a6b5-506661858621	dad211c94541624b9b3786f02c1596fdc236bbe115581e8afe9f6e7265564543e5d5b6bc1b7257579b53c67b6c574af7fc042dcf70785c8ed12a330c521625d2	8633a873-f147-4aba-9786-6f45f1e6bf6c	2023-05-09 06:24:57.852	2023-05-09 06:24:57.852
92ec72a2-0c9f-4347-aaa7-4920db1d9e49	3bc6b07d0f0aa5c3808bffcb08be38ba0266db40f82ed9f1171ba85aa96c83b13da2e7829f3f19c42a35ab644ef041a7e50705080f095e3bf04609458aa9eac9	8633a873-f147-4aba-9786-6f45f1e6bf6c	2023-05-09 06:25:55.168	2023-05-09 06:25:55.168
755d22b3-41d4-43fe-9213-5f60f77c58a9	9a9d089af9c7c3b952ec4943f2858248deae675bf2e3fdfd04cb19fdb798d5617062d2ece2a93be2bf5e37f6b8082aab838ba6519a78f9f431dcdae62102d2b0	8633a873-f147-4aba-9786-6f45f1e6bf6c	2023-05-09 06:27:44.504	2023-05-09 06:27:44.504
7ad16f28-b74e-444b-9d69-19dfb22ef7f2	a0f5a59be705cea0f4384722feb5312dd8ac3f8936d82308169bf727f718472a995d465ac4e88d4af3bb685dae6963ad6a70e6eba7ae326cd8022dc4b84a07ec	8633a873-f147-4aba-9786-6f45f1e6bf6c	2023-05-09 06:48:03.158	2023-05-09 06:48:03.158
9b023567-c2fa-4257-aca7-16fc7a7521da	124bc16a46d4f5f413d347d51e9664fce1568fa178507ddfbd2f8822438255d8ca9d4af86c2a024def0274a2dc780c16af800376c30b98d0bc4e949a1cc05de4	8633a873-f147-4aba-9786-6f45f1e6bf6c	2023-05-09 06:48:23.868	2023-05-09 06:48:23.868
1df946d9-d829-4462-9bca-56a7818557cd	0b57de278e08dc9aa579287f38ef38b88d64fe32a8db9ada7091e6643c3d1146a1dbc3f9fa8a42904b7bddd71690620f0a3aa093a8b1b26e5145170dad093594	8633a873-f147-4aba-9786-6f45f1e6bf6c	2023-05-09 06:50:45.562	2023-05-09 06:50:45.562
a20fdea7-157b-4b51-a123-6d4ad30f49b0	e4a6b79f069098abf1d08bb401cde44c0e2b20ea569c44466f80abb6b7fb29f67b001cd656e82bf0d0c1a7fb076accd17426ba9acb52d022619ee9f3ea2580ef	8633a873-f147-4aba-9786-6f45f1e6bf6c	2023-05-09 06:50:58.157	2023-05-09 06:50:58.157
894b1df0-7578-4a03-ae8f-280e914ed94a	09a74923dc1580de3ed3cf46d7c2fe26d2e3a1997111d04996c0a368c4e58c25c93a66ad90fdf34dd7e8c65e04156d257ad3666f8a0e0249f5842baaef1f9314	8633a873-f147-4aba-9786-6f45f1e6bf6c	2023-05-09 06:51:03.425	2023-05-09 06:51:03.425
94bb05b6-111f-4554-a53f-d3ca41d67cd3	171d47e47d90019a44c6c1b31e9177bb5fec7af01910c6aaa054ac40ef359a08ccd7e968ea837f7d293715bc4eee03e1de0eadf83b532220d1e481ac24601b01	8633a873-f147-4aba-9786-6f45f1e6bf6c	2023-05-09 06:52:55.251	2023-05-09 06:52:55.251
312adb7a-dc6a-4de9-a5ac-c4c3c0f95f2b	e01a5ec12ef3dce25a3a50593f3b6a3ab11adc31ba44a851bd3dad9bcde6ed66081be85f6e79dd72dc3892fae936f54285e61db0c2be6336bf8ef36b2000b089	8633a873-f147-4aba-9786-6f45f1e6bf6c	2023-05-09 06:53:48.104	2023-05-09 06:53:48.104
db393a03-c53b-498d-8c3e-73da392f9d7a	c37bf8f714df705cfb6163b1b3ccac0ed63cbde728e63d06adcffdc43d0576e54cada2ab69247341b2fdc9b526122dac5a38742f23a4935db3439f4ae291202b	8633a873-f147-4aba-9786-6f45f1e6bf6c	2023-05-09 06:54:02.067	2023-05-09 06:54:02.067
43d956b0-a139-4f4e-bbd9-29f71a00486c	8be846cdcbb021a6cbda569253c1b07392a6f819a47d0a1cb9c28037620bb244f2537a95695a92f55de8b823a432e76ceef046f36ea7c9aaa9b4e7ba0ccaba89	8633a873-f147-4aba-9786-6f45f1e6bf6c	2023-05-09 06:55:06.069	2023-05-09 06:55:06.069
56a8a30b-a6c2-48d0-9357-fb457cdd9a51	5addfafab988305adf74376b32b55991993f625698bb5283c6bfbd8babd9d36f1930353409ca320a0cd6fa55811eeb3133b06fc2bd87d16900dea3ba4ea9126b	8633a873-f147-4aba-9786-6f45f1e6bf6c	2023-05-09 07:04:42.964	2023-05-09 07:04:42.964
4901c341-e12f-4329-88aa-578c24479ada	f7ae6e70b95fdbc982306e9c45297d33a78bcc10d0778abf70c12b3326558530abf95f70fb6aef23e6bb2709123703e3e0d54772f9cfbd675640bd244cb8708e	8633a873-f147-4aba-9786-6f45f1e6bf6c	2023-05-09 07:05:08.064	2023-05-09 07:05:08.064
d565d8c7-fb6f-4f1d-b97e-7a369ac6589e	b3e334a0b1e8b51c7f7021e176677fa43a462c7e69181ad450ae3ab910da3212dc321dbd12db122ecf3dfccf3849f91fda7ae8ad6ffada3b3e58758a0ea9dbc7	8633a873-f147-4aba-9786-6f45f1e6bf6c	2023-05-09 07:05:35.317	2023-05-09 07:05:35.317
1387fd34-1acc-4c14-86d2-7657d441ba94	090a0e351cb280f153a01d4d659be5ed841347f2bbeb37e2e11d158b548f35906a81cbb45a2e2be400efffb24be9b2f34439c84529d2a0a286b9818e453e5fc2	8633a873-f147-4aba-9786-6f45f1e6bf6c	2023-05-09 07:11:56.485	2023-05-09 07:11:56.485
a81203c6-15c1-4947-a750-6db4cefbc6c8	87e2ed5a48c619055d16ce281e84d1a55fe299d0cca0066824ed0e38fda322c3e6cf3a4e11469eb8bb90f4453e7e6aeda6f7f42a1f4328dd7db807df0311cec8	8633a873-f147-4aba-9786-6f45f1e6bf6c	2023-05-09 07:12:28.684	2023-05-09 07:12:28.684
7b8ad4c3-120b-490e-84cb-f66a2096c611	5a6ab1337d5cc60dc48114479e4657df84d2b376460c9f9a7429112f8675c19b8a5b51146a3d24a1cdc73f67da26213a7ae752ed45bf8fcd365c2f5a10164e8b	8633a873-f147-4aba-9786-6f45f1e6bf6c	2023-05-09 07:13:24.565	2023-05-09 07:13:24.565
cc6813a4-51af-4246-813b-ecbe4e152573	fdb0967b205953b144eeea6aafe9ddab3b9a312cd99c7f64f0331bc4e4f71468f258487c028946e6dd6fa3a807d03b1634f779f31d58637513813e4326790a27	8633a873-f147-4aba-9786-6f45f1e6bf6c	2023-05-09 07:13:42.121	2023-05-09 07:13:42.121
7d8f59e9-5e21-419a-9e02-6332b86f1de5	6aac9999733261aeae4191df31db52d9b88baf909a212087e0798dac5806e12b95af134ebb4cd833c4279ff91116536194b4bd7a527d9ae77bf43acae965c33e	8633a873-f147-4aba-9786-6f45f1e6bf6c	2023-05-09 07:13:45.417	2023-05-09 07:13:45.417
a8de59e8-8b3d-4dd4-bcd7-34edc222850f	f2954285d707a4b66ea3396a2c625b7bbf50cdef8951ab27761479cebeb613dbe777a31d3c00ab6a7d6f0181068b9e4d4ff935e9d44d87b1b48bdde248955e5b	8633a873-f147-4aba-9786-6f45f1e6bf6c	2023-05-09 07:15:03.641	2023-05-09 07:15:03.641
53d226e9-0031-4d8b-b277-3350c8d33735	b5f1da78e7e10fd9b530c71f3de622e96b74fe557c33d574dc0d3301983fa3acb347c1b1008c1b30f65a56ff96e1be087d44ca04f125e818dfe37634248f98a9	8633a873-f147-4aba-9786-6f45f1e6bf6c	2023-05-09 07:15:06.592	2023-05-09 07:15:06.592
e5db3d52-a6c4-431a-b6a6-b724ee9e194e	99da8817ffc7bcb6d0efa7c6e108ea19f0e1a09a596a3b33d5718cb0d66714b191b086d96608007a579886badb47cac0e935c37ed0865e09305915648c641c9e	8633a873-f147-4aba-9786-6f45f1e6bf6c	2023-05-09 07:18:31.302	2023-05-09 07:18:31.302
de0c1fcd-e818-4a79-a31b-e2ff02c8fcec	9885c2be8716bc905cd81cc3bc350b90f7bf18049b65a9e4de85aab138b6ef43d98635f2cf895858dac17d429551927c9bfc1dc4c9986daace4e217fa85e8b1c	8633a873-f147-4aba-9786-6f45f1e6bf6c	2023-05-09 07:23:34.737	2023-05-09 07:23:34.737
7e72cbe8-3a72-4221-9513-182b8d78246c	aa270d2894666f4331a9cd8d19b3b7d7ea0f1e31c45414ecdee8fe39a6ccb9da8767b09fcb4a1b0bc42f64911b263432b9b64ab6644e3173212eca42f6cb7f44	8633a873-f147-4aba-9786-6f45f1e6bf6c	2023-05-09 07:25:01.816	2023-05-09 07:25:01.816
34654455-c47f-490f-a5ad-a8ddefa8b9c6	581298b51b0c6e639523f81a047638975740c55d7ad42e826f22999eb1460ab913e751270dae557bed4b11313439a156801cc0db98c9837131b7f2ac4f4da8e0	8633a873-f147-4aba-9786-6f45f1e6bf6c	2023-05-09 07:25:54.043	2023-05-09 07:25:54.043
11d01225-454a-43e9-9f5e-d0d071bee18e	25f53eca305f43cf5cf5a8e8e4048df6e8fab8f898e0cbd651f4e471820ad3816f54e615d82228b00f207f7d5d7078f377e2b71a8536de7fbc311d85d017e81f	8633a873-f147-4aba-9786-6f45f1e6bf6c	2023-05-09 07:28:21.563	2023-05-09 07:28:21.563
9bf0bff6-e2fa-4c27-a03b-f9aac8829783	7852f7a7b68423e9efb8021b9b59642ff6d1a84e359b00b5db567ba800418de5a920bf300199f06c6ea040b2cae2f344d761f92f1fdc7ab968aa0f0b16123073	8633a873-f147-4aba-9786-6f45f1e6bf6c	2023-05-09 07:28:48.305	2023-05-09 07:28:48.305
8994b2d0-471a-4312-8d31-f28592fc4320	a4e67a8ae2e0edb1c9048d3aa9f8a301e72a8a4362365350ecb6fa878588787bdda9ea975b546d6b137c8d9f63b0fc1d0807f46bc46e7b607f916edd9cfdc990	8633a873-f147-4aba-9786-6f45f1e6bf6c	2023-05-09 07:29:10.217	2023-05-09 07:29:10.217
beb99173-78a2-4d1d-9878-e9889544dd86	6156842fba8594e020ad7385cbec1318d942722f57d3687d8a311706b739552cb105e77f703d7220f75789eefd3853117b6cac4a76cc2f6829c49534dd933c5f	8633a873-f147-4aba-9786-6f45f1e6bf6c	2023-05-09 07:31:50.673	2023-05-09 07:31:50.673
83e9337b-aa55-4624-9f34-b709e6fba8f4	db0776a4e3c654b46396498face55bbaa83b63283956f7a51c974e6b8fa39834dde80d352e2cac915de7a4d843d169c5ed113c03f3be0c7a7aaa093b4398f1a5	8633a873-f147-4aba-9786-6f45f1e6bf6c	2023-05-09 07:33:28.802	2023-05-09 07:33:28.802
210645f9-8365-443e-82a9-8dd37f1ebf4a	cfc25562a6031dbcd6a015dd27856ae121d472ec6552d37f89216aa29f69613406d03f930fb79ca6d01f15478d3740dfd2bd3054e262a8fa70e976973820dcff	8633a873-f147-4aba-9786-6f45f1e6bf6c	2023-05-09 07:33:32.313	2023-05-09 07:33:32.313
90213328-b43a-4688-8b51-917a284f67c3	2afe1ade1bad9be68ef9abd8d6fcb6354fb10966fdfd6a1b4f6a46d339bb4502300bc850939f4d1903319aa22304b3a6131589033f16f3bc38997d174777feb9	8633a873-f147-4aba-9786-6f45f1e6bf6c	2023-05-09 07:33:56.532	2023-05-09 07:33:56.532
f8eebd56-aa32-4f7e-8ffd-39884e5a5027	3a62d0c60dc1b790926c5717123c8344607d47ee2a4881ca71ef140687efd686bc84ed19a326d0a353cfa28909ad22fad3f658ce284cd687aa4d28ff3d0fd9b9	8633a873-f147-4aba-9786-6f45f1e6bf6c	2023-05-09 07:34:12.11	2023-05-09 07:34:12.11
7b61b305-445b-4fa8-8bf6-5a8db53743b3	496f9e5ebd6bf4bef5cc316eddf21aa27355fa32f28358fddc0934eeb5d65283d65bdd2ca963481d2bc315b71e7044d0391bff431edff8ec9ddc601b8a907724	8633a873-f147-4aba-9786-6f45f1e6bf6c	2023-05-09 07:34:28.425	2023-05-09 07:34:28.425
67c26512-fe3a-4d1f-9974-5b4ec666c00c	75f51a646b0d7040fc008f3d145d5d19ddb0f117ab532f0744abf0a94910f6c9f0cc547982c54cd396a52b6bda0b696f71e63d03813473a33b91c70d51711078	8633a873-f147-4aba-9786-6f45f1e6bf6c	2023-05-09 07:34:37.635	2023-05-09 07:34:37.635
327ceec0-29af-4484-9495-8eeaa8581702	59b85e5ee4990c32a02d53d645c14b16e52859e3473a3af8057901e25d11dff85175513341e3c96e767d93feb7387787c74ca513586fa196ae9c52795134f4a6	8633a873-f147-4aba-9786-6f45f1e6bf6c	2023-05-09 07:34:58.933	2023-05-09 07:34:58.933
0d4314e7-546b-460f-ad33-d09cc01f5497	ed5839830af8e74587eeaf7cbb71f33969d8e2dfa706c35238f176a704ba00858190ffbeb13f99272e11a4fe481e4eca214fd223e32e7b39fc94dfa15afa2afb	8633a873-f147-4aba-9786-6f45f1e6bf6c	2023-05-09 07:35:30.532	2023-05-09 07:35:30.532
455599e3-882b-42ad-8250-096e8cc49dbc	b3a3aeb77725636d32f33e3052343d607a4fa4778378d2a7c4edd7e5b5d21e8310702b29e7de6a7bf28abee71d2c3c58756c1ee6d115c0640d06ee54ad29be3c	8633a873-f147-4aba-9786-6f45f1e6bf6c	2023-05-09 07:35:46.627	2023-05-09 07:35:46.627
016bb08c-58f1-41aa-9498-a78e2ea8e283	056b5b12807c4a01b1835b94c44d7d469585db8410b802126823cb50493a993d86a52be5e38192b94c247e982f1732a9093af0304ed37af2d17880fb5113174f	8633a873-f147-4aba-9786-6f45f1e6bf6c	2023-05-09 07:36:46.565	2023-05-09 07:36:46.565
e5d5dc65-fc4e-43c1-abd2-df80793246b1	efd21d10800109aa41160b250a1649dd2003a3b81550ab65798e4c5ca013dcc96924d18acc5f86701b84928b9a733bc593500e3d0146d6d49b5d526c42af3494	8633a873-f147-4aba-9786-6f45f1e6bf6c	2023-05-09 07:49:22.316	2023-05-09 07:49:22.316
487f2b20-3321-4c8a-b9dd-68e44b10b816	f18db99f2d43ef9122ebded1b9e0c0ee027a123fffc3276f363ec85af08b3e11b87aab6006e4d062822234d75c38599685a7dd4f497681eb07e6b6be3e586b47	8633a873-f147-4aba-9786-6f45f1e6bf6c	2023-05-09 07:49:24.502	2023-05-09 07:49:24.502
42a90655-52d1-4beb-8962-076754e05a9f	2c302d1d279ecb7e1a3d8343943e02a520a5b2c9e001d83942d1ab087c2ea48fb54a0414bf545aaacf4d298b646cc1de9b49eb8f6117e26d5df3793f258d0fec	8633a873-f147-4aba-9786-6f45f1e6bf6c	2023-05-09 07:54:27.713	2023-05-09 07:54:27.713
51bdc48b-ae5c-426a-9e0c-b6a6e303588c	9acec6c78127c21ee7f62fdd5ea6f5908d525c89f6c1e1b6e138da9c0cd1bc0b5f6be407330b270468b0737d6793c3b66b25395047a271e8514f7a5f4b64ac43	8633a873-f147-4aba-9786-6f45f1e6bf6c	2023-05-09 07:54:27.75	2023-05-09 07:54:27.75
2915f7e4-083b-43ea-8eb6-584f2333618b	a6af1166d8d6f2e487a4e6813c9b14d7562b8150631e890a893bfc3c729a1c5de578365a2798f8ca3b4cd53ffa3f8c53d0b018ef8671f59cef02303fe3c88a8a	8633a873-f147-4aba-9786-6f45f1e6bf6c	2023-05-09 07:57:03.327	2023-05-09 07:57:03.327
7f00b4b5-f3f5-4039-a467-357f8d8eb48f	e788d46290059922b8831079f52de1fd049d0817be7e2883cefb653cd3c89f92391e234e985f07b471196a379b5d8f9ef03cc412612ffefab32973cff8288ebb	8633a873-f147-4aba-9786-6f45f1e6bf6c	2023-05-09 07:57:21.428	2023-05-09 07:57:21.428
9f901d26-d582-4477-8c84-dd7f11cf2ba0	4fec902adfd88479ed882f20349963ee4a945ca25f3be1fae3383cdc4f3b11b2061b35e033ed817a154b209fe2167415cd5e7385897c894c0f4f907cfee74d95	8633a873-f147-4aba-9786-6f45f1e6bf6c	2023-05-09 07:57:38.433	2023-05-09 07:57:38.433
a9f19d42-81ca-4d81-bb40-241f46e3e808	1673784dde013564a3d151903a0219eca8f5d013fa5f18973969f2a0552b1bc4d912633af4ba92360866dcd06eee503f44b21d791be474bf3ac4b307404a6821	8633a873-f147-4aba-9786-6f45f1e6bf6c	2023-05-09 07:58:02.414	2023-05-09 07:58:02.414
7e9b148d-cdb0-421b-a2b1-ddb5a71af2ab	34dbeae6ec16e49275b184b4742d48c80fd2290b57f7a83bb6a038c1bd85a2b90346558f3cb766a64d6a1cdd3bfd40641e92b9959fbcbbaa6c62d5e02015fd26	8633a873-f147-4aba-9786-6f45f1e6bf6c	2023-05-09 08:01:07.484	2023-05-09 08:01:07.484
4a164761-3eab-4670-b575-f36a7a4856ab	301ada9db6c024a9a76dc404925b6746ad0abff3d952f400622e9b4ddbb1407dc2aa493128ffd58b3162e887db41239b9d0f2df06e7f75c377b19d95b63745da	8633a873-f147-4aba-9786-6f45f1e6bf6c	2023-05-09 08:01:49.247	2023-05-09 08:01:49.247
be060a82-514b-44b0-9a8c-85e23b84e04f	1a7e9133c1adf25c064ccbbf35fd106a5e8fd403d62297b925742128d581d779c77be41e3371c6ad3462ad7bb9bef78c6511f94f2c8938dd131a9ffd677053f7	8633a873-f147-4aba-9786-6f45f1e6bf6c	2023-05-09 08:01:56.392	2023-05-09 08:01:56.392
5011c8fe-67fd-44f0-982d-72a3c13e6e70	91ff1e4e8d5b6e00a6da4c6ded73e4e20870981f31d0d1985f4176e114b42db57b292242f61c4f8cb39568fc551163307645b6fa7e90df58f6306b115c485aaa	8633a873-f147-4aba-9786-6f45f1e6bf6c	2023-05-09 08:02:25.506	2023-05-09 08:02:25.506
54040f6c-ee94-4526-b07e-fabd79400bb3	dcd3da31b085f5822dae4eb00bf745beee35ea565a3fbbf2c9e8ea5a588f7db9977a5d950dff8addbd44de6f74e153c4191d809efdd0484ff4c5b8c8e745b9c8	8633a873-f147-4aba-9786-6f45f1e6bf6c	2023-05-09 08:02:36.318	2023-05-09 08:02:36.318
d03937b3-24e5-4005-b1f4-bf4b8ef7278e	df9c25533b4e3119066518cd6404a97cc153b53908438db234d8d892403fe880d6a3f90e024ac5a60d78346a20db6300ab164d936f7e1dce0c9132cc842b9dbb	8633a873-f147-4aba-9786-6f45f1e6bf6c	2023-05-09 08:03:07.333	2023-05-09 08:03:07.333
0499df03-4a55-4329-94bf-4c22910b35fe	7d1ab524b543812a66eb74c085dbeca4b02aef467b8d3e8295ebdb1b72f9eb8f9d0a329ccc41a8dd17528cf285b0f78dd02661d597acdbff74d974ee65995e76	8633a873-f147-4aba-9786-6f45f1e6bf6c	2023-05-09 08:03:18.268	2023-05-09 08:03:18.268
ee251ac6-1259-4a64-b2cd-ba79beb07ade	4f2d82f40058581de7977aa2fc997098956813cdbae8aed503a400c453b06f597a0e6c9c2ef9710fbb7b8b7e8c03609ebbe99012ba951987da240a1835ffe158	8633a873-f147-4aba-9786-6f45f1e6bf6c	2023-05-09 08:03:21.569	2023-05-09 08:03:21.569
9037ffa7-0007-48da-823d-f7a23b8eb927	1f2b40a0a78cb525569853efb20bfc4ecfcf2c207ff709bdf6021ddc9986b3b1e7970226ae2b8ddde1feaa5c66401c319ac28ed11da78db3851a3a77a9ad3d8b	8633a873-f147-4aba-9786-6f45f1e6bf6c	2023-05-09 08:03:55.811	2023-05-09 08:03:55.811
dcf382ff-d879-44d7-92b3-fba5d5961933	905d06a1482d5c01c45a18fc484cddb1e56b48ca0990ca1ae4d8cf7a0c90d666ba45051b3c3b44f364f50d6a76ddfb488b3207579254df8b5d2b5680baace65c	8633a873-f147-4aba-9786-6f45f1e6bf6c	2023-05-09 08:03:59.132	2023-05-09 08:03:59.132
38ec818b-69aa-44d7-a798-f602562f3aa1	bd177e1a8868e49e8165db3c1af6a1c3e1bf5a0bb398d45a307a11ffad1bd192cc797b839196433ae04b8a92c8b08f930490aad67157321a2522b01cdcd762c7	8633a873-f147-4aba-9786-6f45f1e6bf6c	2023-05-09 08:04:12.853	2023-05-09 08:04:12.853
7957ccae-f4a9-4c00-bc67-ffca9b8199f8	e12ebafcdbd6bbb9ee0f0c51c8174191005699e173b3272c9ed9c8f3fd433ab06511d5d5e759987e3045ada97f73e8d3a664a820cb443c3e0cfe9b84687bfb46	8633a873-f147-4aba-9786-6f45f1e6bf6c	2023-05-09 08:04:15.546	2023-05-09 08:04:15.546
35bd46c4-fbdc-413a-b192-8a0a0d1e3123	2136bc418b819b02031635a130f7bfa3db7a74315050ef194e9c5011a101cf30391ba16e86692c4db5edea1f88aa4e3f40cf1c7edc6e0d19497dcdb4b04f21a0	8633a873-f147-4aba-9786-6f45f1e6bf6c	2023-05-09 08:07:12.974	2023-05-09 08:07:12.974
25cfb2e8-d92c-4c42-8812-59715c6efd1b	19e6d5bcc2867be14617be6de76d6eee5b25def68e84aefaf5a86d436f7642f45e9f094bb20b84f4a131ec2fdd64e05f00172aac80dbf7600a04e11f3d2d813a	8633a873-f147-4aba-9786-6f45f1e6bf6c	2023-05-09 08:07:13.008	2023-05-09 08:07:13.008
783dba2f-413f-456a-ab1e-3b03ffde7357	4bb0647a4894b80e0ba673a86fe81bd6f41299524322908afa26a03d25885b3c894d6db55c1a7a52ec8f6a3aaa714db57cf88ed5f4a20aeeb43eee9a4edaecd3	8633a873-f147-4aba-9786-6f45f1e6bf6c	2023-05-09 08:07:41.993	2023-05-09 08:07:41.993
d830073a-6b2d-4e18-b628-495f27609ee2	a0be2d8b80e29961329b475a26e103cc0f64adabfeab65cedd567bc35ccf4cc12cb748b07b0af80e856fddd861bea2d89fd9aa11aed95650e168ec5ec4aac765	8633a873-f147-4aba-9786-6f45f1e6bf6c	2023-05-09 08:07:42.029	2023-05-09 08:07:42.029
aa336a98-2c97-4cac-9503-d930f981f446	32a65a028c015aba30dd8a28fc0a2d4513df9fb2ed930f53cfda7bb6686262cf713c6f000c860503faf57051629ae2baa93165a086ee5e9e577f977803736f09	8633a873-f147-4aba-9786-6f45f1e6bf6c	2023-05-09 08:07:54.692	2023-05-09 08:07:54.692
673eb1eb-17bc-4c80-b6f3-3fc2e7bd8a2b	dd869a506b6c3cf862066c015a3e7bf8d0fe72bcec179370c88ad8c610e26f521b333746ab0a55384e4c8cc3bd34b77173191501b9b15410ae20948d2a76156d	8633a873-f147-4aba-9786-6f45f1e6bf6c	2023-05-09 08:09:20.364	2023-05-09 08:09:20.364
2b1db92f-5027-4a35-9943-2816e2b72a6a	1ad50b3a28baf0d88edd855b519daf160bf38228101b5aea546e194e187367a098ca90fdf3ebe20d52a5b7ff5ca1ba3f78e0a89238aae629bc8a725c40b8fae8	8633a873-f147-4aba-9786-6f45f1e6bf6c	2023-05-09 08:11:00.768	2023-05-09 08:11:00.768
d40273d3-6d10-4ea0-be31-187402b6157e	f04ba42185b2457660061be1e933babcf5690af349088b898da60675c821913eb4832830f661257d52f3a88022134645052e9368bfdb0e64d038778be4594deb	8633a873-f147-4aba-9786-6f45f1e6bf6c	2023-05-09 08:11:12.96	2023-05-09 08:11:12.96
8edcfef6-65d3-41ed-936f-7fd68e66e7e5	8c1d4e8a3709814da486cb0d7c223e2df896ab818e290baab1762256ed36d2d1b170e204c3f59b1e00c8880b807d72563d9a21f621c10a600e5790c4804dd6b0	8633a873-f147-4aba-9786-6f45f1e6bf6c	2023-05-09 08:11:29.735	2023-05-09 08:11:29.735
3a1afb43-224f-4c7f-b7a8-a4573bc91403	1a87f49db9da05862f956471288488ac9516a941e0795d83e8213c6967d8999f756705d277c902e3dd0be4eac482be16baff64487d9622bff9d735ef8ee45ce5	8633a873-f147-4aba-9786-6f45f1e6bf6c	2023-05-09 08:14:02.871	2023-05-09 08:14:02.871
4b8ad192-2ece-4abe-838d-1e252c1e1910	15ab0803bb51bad13cf1d3694c666d68ba810987de41bb68c5ea01eff47ff748a9f27f29bbf2903b664127e12fe383323e05b4ec74a956d4eba7cb0e875c5b26	8633a873-f147-4aba-9786-6f45f1e6bf6c	2023-05-09 08:14:02.928	2023-05-09 08:14:02.928
3e15bbd1-aff8-4788-93f8-40136362dd2a	c046479c15d6c103053b838e82cc6690a0ea5e13830bd8abaf5207161b6ce715ec96315d25a4d8141d2009b4974476b701d5351b0381f3ea46e0bc7bc640775a	8633a873-f147-4aba-9786-6f45f1e6bf6c	2023-05-09 08:14:29.535	2023-05-09 08:14:29.535
9e7ca6e5-4254-4449-b702-3953020b6528	a3ed5ea6c397316eed5ba617ba25482b91d2f81203b7713746d0b7a05500ac7095ba74b781969627479dd6f9b2ce15bc8fe23039ce1aa35ffee73304f461b0f0	8633a873-f147-4aba-9786-6f45f1e6bf6c	2023-05-09 08:14:41.145	2023-05-09 08:14:41.145
4066d1d6-863b-4110-bf01-9b2d39598e30	d69dcf51aec3da94557ae7194449335a9ce855cdc118d99e35350d82e67771c45da014836af05d64eff9931256c70cef0294bbc36e1a8d4701f28c84de5e29a8	8633a873-f147-4aba-9786-6f45f1e6bf6c	2023-05-09 08:15:16.392	2023-05-09 08:15:16.392
63284fe1-b1e6-4381-b021-b689ebce1e07	94f097e458752e69fbbe30f330567179752670c08b8ad89f4b717695661dd6a8056cfd63182ffffa44d6770cf64c4d6403517fca37252fc32e93ff5967f24fc2	8633a873-f147-4aba-9786-6f45f1e6bf6c	2023-05-09 08:15:30.98	2023-05-09 08:15:30.98
89a07b4c-c79a-498e-bb19-9bf23ac226e0	d2108caf6184400eb7cb948e88594332c71d308b84aebe94b8a1d5b3df6e47d3b94bd74e557c5949d6945daf230328ac962843af39c8f5d0216110dd017800f7	8633a873-f147-4aba-9786-6f45f1e6bf6c	2023-05-09 08:15:47.649	2023-05-09 08:15:47.649
36b5500e-da23-41cf-8065-8601c0f5b9d5	544a3becb112483dcc94de472311c2c8305085af861b7f73229832f4aca4b7b479775b5783844548547e114494f05b515c5a7d89dde60f8c394c925083ee7ab2	8633a873-f147-4aba-9786-6f45f1e6bf6c	2023-05-09 08:16:32.784	2023-05-09 08:16:32.784
ab037203-b371-40f4-a0dc-db0e2f9b9772	627d5408a86562314ba69c8e60720ac13a3102231c4c246407c939c075e54f4c2cfb65aee66c15207a0003195e24ccfc07999b13cf82f3cfa775f8e45a1b3e99	8633a873-f147-4aba-9786-6f45f1e6bf6c	2023-05-09 08:16:47.589	2023-05-09 08:16:47.589
77651366-d756-4df5-9ca6-fb95f5c87e2e	55ae1f5e08112fda5a49aad58ad2e444cad065602e4fa035f7f58a03936015505e422ba5c881cac38dda87fd3ce9d97d0a2c144571e27a2f4e2f52fd713a7a40	8633a873-f147-4aba-9786-6f45f1e6bf6c	2023-05-09 11:01:57.676	2023-05-09 11:01:57.676
a496dc23-7e0c-40c5-ad96-de6e99e5772b	4449234ea882de1236028cee23ab91305ef6dfd3d8d173083b36245d0084b515d7fe34abc0517ecaa20bc4368223a182411d579b0181205294ce35098f6398aa	8633a873-f147-4aba-9786-6f45f1e6bf6c	2023-05-09 11:03:48.552	2023-05-09 11:03:48.552
93434f82-8676-4f0d-b2ae-e6907e637837	ce4ed752f212367aa1d3ecdd17205c21e17f9e3be58f20be7baa187132bcdf5b0a18f3e9faf11dda797e48d0122a9c3ac858d69c4661bd7bbd2e71eba44bd81c	8633a873-f147-4aba-9786-6f45f1e6bf6c	2023-05-09 11:05:13.005	2023-05-09 11:05:13.005
0a68c344-94c9-4081-a1e3-44cd7be08a8d	fc739b5d894929f71076324d8bd07180979373a55bfa351054190c5c5716b1c76f281b5068ca55a8b208ecfd644ad11c6b3c7c0aa5c816a4879e9289d6473c01	8633a873-f147-4aba-9786-6f45f1e6bf6c	2023-05-09 11:30:16.788	2023-05-09 11:30:16.788
97eafe5b-87d3-4728-8e95-381c6e43ba68	437f5c7e492ac69c2217e406275fd07d926eb00dbc95aabb99a36d8b84048009e514d0b8ca6356f114aca51da712fc2873cb553adeb9fcfbc9dfd713a26bcb7f	8633a873-f147-4aba-9786-6f45f1e6bf6c	2023-05-09 11:30:33.916	2023-05-09 11:30:33.916
28996e65-b447-48ee-a5dd-62b7d9f1a631	159b0ed8fe5a62dfc80bdc1971cceb1de1dd91c7c97b8e79d44383c89628bfed1fe9ae50efb92a540df20d2432e68c97371f071d295085a9c900d532ddd3db14	8633a873-f147-4aba-9786-6f45f1e6bf6c	2023-05-09 11:30:48.917	2023-05-09 11:30:48.917
db18f555-fd6c-4998-9089-1262eccc66cd	c64d3535992b91151fd2ba0b91312de506d62bf58541369869e1d55a3685de0258da8f62635292801003f3a2a654d1c945989bce8e53ba3b8fe95fd83062594e	8633a873-f147-4aba-9786-6f45f1e6bf6c	2023-05-09 11:30:51.052	2023-05-09 11:30:51.052
901f4b63-2f3e-4601-b115-6f649eb988cc	0656982c7349d8835159afc41216fd9f860ed41ad3d2651d90e20ccb1eda1603a15e035498bffeff2eb71486dea136c6b82eb6143719020768a1615d07736163	8633a873-f147-4aba-9786-6f45f1e6bf6c	2023-05-09 11:30:55.555	2023-05-09 11:30:55.555
e9abd0b1-f1e6-4d12-ac77-bf0eccae4160	d98175de642e1ca5e1d6805c8bfed534c3f2af0b78f2372371ee14b2aad3ef39493cc747d3e3a33bfeffaef4d08d5fe7dab540304fbf8dcdd1b37def2dfa445f	8633a873-f147-4aba-9786-6f45f1e6bf6c	2023-05-09 11:31:10.638	2023-05-09 11:31:10.638
8f7c6f1e-39a9-4fb5-983d-5c3d3fd8a185	23f8188ae2439bedfdd2d4b75612f20159a43cb538740cc1d42304b72e4c3caecb0f572284b4094f0ee8f51e54d29a163f42ac87a3da5dc4ee3f5ea482f66509	8633a873-f147-4aba-9786-6f45f1e6bf6c	2023-05-09 11:31:18.015	2023-05-09 11:31:18.015
a083d077-6022-4f46-bf3b-130655968890	d04048242f7b0c1f0c92ace122fbb5f658d5fdbe593a04d664ab99dfd553e4b341dc48a3347d60345bceaca96d8a5df32df1c0ee8e4a2e99628e493b7f20246e	8633a873-f147-4aba-9786-6f45f1e6bf6c	2023-05-09 11:31:18.049	2023-05-09 11:31:18.049
77f216e1-ea02-47a3-8d60-f83b7d0341b0	f7d6ab940ecc09c56df0096be84dcc28ede6a0e50e06225aac0a3e0143318ce92bf55bc09df559db1cda4f84d64114243af50d72bf112f3ddf1bb2380252b005	8633a873-f147-4aba-9786-6f45f1e6bf6c	2023-05-09 11:31:36.488	2023-05-09 11:31:36.488
232e6021-396f-4eb0-9ca4-60f12c240a32	1214c2f6800005b503d45d4af88455e37600fe8f1db2fea62ff1d5577c946d4ee941b294cfde3109cada202b54bc367ca4162063674b9b3714d0cda571a6cc3f	8633a873-f147-4aba-9786-6f45f1e6bf6c	2023-05-09 11:35:16.001	2023-05-09 11:35:16.001
663af79f-34f5-4659-b5f2-23c919e30b97	ac3e92c7799cd8ac957f14e7f6d3de09b87d419410dfdc8fe3d2459f45e48bcf50c3ae8105dddba117158d14090593dc78965b7ed8c64d497df6cdd457cc1be5	8633a873-f147-4aba-9786-6f45f1e6bf6c	2023-05-09 11:35:27.341	2023-05-09 11:35:27.341
2b3de6c3-0d25-48ac-920b-fe0e0175e96f	0d2a179cc6270ff7838be8a66e982b3d815753cd2d179b980846305bfd16d909ed14da25fdb3f149f811942d7c77c73870f97576d823896be04ef12090748bc1	8633a873-f147-4aba-9786-6f45f1e6bf6c	2023-05-09 11:37:52.223	2023-05-09 11:37:52.223
25b914ff-5574-4a8f-82cf-a479c54bcad7	ff192352cc444a57a9a1489b40e9e7d5c31441f9d4b7ff5e858c9b1736ad56b1aa471de90b8e9a2652bb72e62549e30ecc9815eaf71567bc3544fb4a20c8b799	8633a873-f147-4aba-9786-6f45f1e6bf6c	2023-05-09 11:38:34.794	2023-05-09 11:38:34.794
33bc8b76-1680-4205-b3b3-855643b40d36	3bb42d5ebe4862d92f1c11a85b5d2baf0197fe9218f661547a69ad90d22ba4fec5662c0471dc4cb32b0fab154851235eb9f35f4e0f946a5184436a54b5eda578	8633a873-f147-4aba-9786-6f45f1e6bf6c	2023-05-09 11:41:06.586	2023-05-09 11:41:06.586
a97ee47c-e347-4957-b5c3-1126177fcf82	a9dbceb5a0e896f4699540ed740f8727170a85eb9d057d7a045c9586f1f777d4bfb034cf05c3d015a4e2c0db0f60c12436a1f51d3738faf5c49ae588aa6654bf	8633a873-f147-4aba-9786-6f45f1e6bf6c	2023-05-09 11:41:19.807	2023-05-09 11:41:19.807
936abb2a-77a4-4ce1-9d7d-e6ab4aacd746	e96dd2ac16582f8bb69015c0f1ee51aaa7e62da23b587be1203a798392d36533842a8e5b17be022a0dca5ee3ffb920f0169cc770950601e5e1f87e56c77a5432	8633a873-f147-4aba-9786-6f45f1e6bf6c	2023-05-09 11:42:26.33	2023-05-09 11:42:26.33
585dca63-27d1-46d9-8064-24bd7d223d4d	879fe73ceba1fcd8ef183302a4701532e26ecf249df2efe860119c10a6dc936951ba9b3e7d24bc7fdd390e20441f5f4367af89091a11f4b4c239cee3e5ae4528	8633a873-f147-4aba-9786-6f45f1e6bf6c	2023-05-09 11:42:39.227	2023-05-09 11:42:39.227
4c747379-8e57-401c-b1c3-767849d84dbf	c0232f142f41a81898197b3c1292fcf81d4c4679ace1486e53d81c62078bd33452eba970634dd8664e7a9c33c1e33d018d6a07b7360188811abcd72da4048b6f	8633a873-f147-4aba-9786-6f45f1e6bf6c	2023-05-09 11:42:58.865	2023-05-09 11:42:58.865
2af27f63-6c6e-4aa6-a937-676b0c062275	6de78ca7f9b5700003807a7f1ced3c3ae6566b3ba1e3eea68b2d21f765e18156725e6f3ab2596f97a65f33ce45a48268828c9567c28713df4bc0c7c5192d25f7	8633a873-f147-4aba-9786-6f45f1e6bf6c	2023-05-09 11:44:14.657	2023-05-09 11:44:14.657
f7837688-1e93-491a-9cfa-56ab9ff92e15	3f3a3d4c47caf54c0d924e1420ec4f21b91463702148e489e007f3db3f19b90a111f8cd3491f6f0733778d3b1e57024d6905eb84f7bdeff98bdbdd08bc2911bc	8633a873-f147-4aba-9786-6f45f1e6bf6c	2023-05-09 11:46:06.158	2023-05-09 11:46:06.158
74f0a22e-90c4-4ac0-821b-0c9d2a01af26	77d9ddec89d30e4d046bbc07513858224cd03a5cbd05d56de8f9e2be4e468936f9594cc68fe3efab8861f4c7b0646a5c089a5bcaf05fb70786f7764be5f176b2	8633a873-f147-4aba-9786-6f45f1e6bf6c	2023-05-09 11:50:57.653	2023-05-09 11:50:57.653
56c142f6-2451-4479-bd81-bdb829b3b8ab	a1a5c6c4d6784c130d52a5bac8d4cec3b44227b11849a7f3240173afe01150b78f98e6169780fb5382b2bcc45fbddb376a753263dccfb4b5a4619bf8effcb362	8633a873-f147-4aba-9786-6f45f1e6bf6c	2023-05-09 11:51:20.157	2023-05-09 11:51:20.157
769f35a0-628a-4187-a97a-fe3167f404c7	25e275c1ab4ed5fb74cd4844d96e66cc0735b43fa859547fd3fd34015b75bd956f6c5d813d4a93bbd485e22893fa3a7c35f45292636cc41c4b33e1dfbaf875cc	8633a873-f147-4aba-9786-6f45f1e6bf6c	2023-05-09 13:48:59.828	2023-05-09 13:48:59.828
3791c1db-f5c0-4a13-b3ad-e0377a0a4fde	383fc730207cfcd755ce996c5fcd5814d3e5cdeb96656f0f991c03c1ed1047334f92ffa575ac0e4cd89d491023790b5fedd8f246ad532ad8ebcf02a518ff8e0a	8633a873-f147-4aba-9786-6f45f1e6bf6c	2023-05-09 13:48:59.887	2023-05-09 13:48:59.887
46391253-329d-4300-8e57-77238fac4324	d33327a3d0962729864f8f7d3a05795224e9b2a927c6f04a823630391c15e55a2bf00fb99a9e603ec5a801622cae4082f3e37248bc8ca12fa7d6de272e3fdf69	8633a873-f147-4aba-9786-6f45f1e6bf6c	2023-05-09 13:49:13.494	2023-05-09 13:49:13.494
f4244f6b-c2e8-421a-a167-3a6b64e298a0	c3eb093ec407291bd269990a9966ee7b78e5dd1f340f91e634c091dba1087c82a870877128ebbb8c1008e5fe705af24f168caf3c01e478ca4015b4c92db943d1	8633a873-f147-4aba-9786-6f45f1e6bf6c	2023-05-09 13:51:21.986	2023-05-09 13:51:21.986
59017cd6-f6d8-4500-8faa-64f99d8dfd36	9f6193ea297b4fb9ac20251ea1caf12c43c17508223881655f19115d216cc723b515710915bc4b8f747f98292dfdf1065e5ea459938beb43f191c8879140c916	8633a873-f147-4aba-9786-6f45f1e6bf6c	2023-05-09 13:51:58.231	2023-05-09 13:51:58.231
68f1461c-1157-4bb8-94da-934b66abeddf	47a5838decfffac19c153b44b54b85bdf1cf29a8cfd35a0e15b9d47fd4c73abd13d822b45e171febbeb7f59fc9da637fa772ff11bc26a9f0d720d43955798f01	8633a873-f147-4aba-9786-6f45f1e6bf6c	2023-05-09 13:52:51.277	2023-05-09 13:52:51.277
4ff44b27-2907-4ce7-abad-cde5f572f0e3	c61ccbe2f1a03515dc1cf2f9702cd8d2d5a1191caee51904c1cbfa6908f5357aa7c9e5e2679a3a159b1cc2ea6e808b22fcf132ca7592251ec1f61dbe797c2dbe	8633a873-f147-4aba-9786-6f45f1e6bf6c	2023-05-09 13:55:59.32	2023-05-09 13:55:59.32
c1bb12ed-b2a4-453b-b38e-3bc7bbeef156	79937037c196446fa506f7870b7aa738096dd42e88a54569fa2256c91d1515263a27ca418fe987b1fe56a25a9c77f51e30c999ef71ca52749c5ab94a42901675	8633a873-f147-4aba-9786-6f45f1e6bf6c	2023-05-09 14:01:27.294	2023-05-09 14:01:27.294
12077ecd-0301-4462-8727-cb495819023f	68b8bdc7f3901a52b5bb049877ebfbc1cb0775a35ff5b219476d75d3e5e19128bbecba577ceb200adeb3f4d35d716da95894d139f5d8d8f12cd4d005c3848b4c	8633a873-f147-4aba-9786-6f45f1e6bf6c	2023-05-09 14:02:07.362	2023-05-09 14:02:07.362
74c7dfaf-be54-4da3-a8c2-8fa2bdd96600	1c56d18f04f1667a1716f91b22624247880cce00e3eb04b2e406890749cb61d01227c8c43dfe4491ef68d21e11cd09ee1919048f59db07b7305f34e812f4babe	8633a873-f147-4aba-9786-6f45f1e6bf6c	2023-05-09 14:05:10.001	2023-05-09 14:05:10.001
61b920f3-4f8b-4f76-b1f9-339b7dd0bbb3	a2db77cd9c71cc0f6314a81cf2a20010920dc9128bd848099756608ce25fe3e224162bf2783e8f406dca67d98e380ea1dc5b34efc95b7ddf7ac8bd07772140cc	8633a873-f147-4aba-9786-6f45f1e6bf6c	2023-05-09 14:05:52.132	2023-05-09 14:05:52.132
5475bfb2-7f93-41f4-991b-8655455b9d65	7081c9f1bd18af47e03f51d83a33d06dbecf6299959696692939dfed69490a4a028695863a3f4888892681d6ac039281d4f56147a55c439aafaeaa4052b57f71	8633a873-f147-4aba-9786-6f45f1e6bf6c	2023-05-09 14:06:46.174	2023-05-09 14:06:46.174
5bb2901a-9b19-4422-a933-e61d2d05b42a	a56f7d39b4477bec92c43361bb8495f3cf6f3396a3df37c6610fd79aaf3592324fea5c1479ccbac0ea8514ee6cc69e918d974bdae234d10914fa1d9c0deb8e5a	8633a873-f147-4aba-9786-6f45f1e6bf6c	2023-05-09 14:07:11.802	2023-05-09 14:07:11.802
4107a51e-1ce1-4634-a330-1d5fcfda7fc1	21a8f0d459863baa3f65a93cf4bca91ccc50c161d14fafd6be983d118f0537c047dfa1cfd9f4b8f91ae151b715771c619b21b372ec3b8d5929a5c0068f8e46f3	8633a873-f147-4aba-9786-6f45f1e6bf6c	2023-05-09 14:09:17.023	2023-05-09 14:09:17.023
6c618dcf-57d3-4993-a9e0-6a5afaddd19b	546871bb6fe3538097fbaab07e96c7c09f417f8ce653e3b1802096e48e8e2400dcf0279f61fffe12d521129eb1ff62b70fc3dfc9bced9c91587b61fa94faaaf6	8633a873-f147-4aba-9786-6f45f1e6bf6c	2023-05-09 14:10:12.583	2023-05-09 14:10:12.583
44a8e1c3-872b-49a7-a895-7fc459c1b7a2	c6adc6afbe56763681ed6262831e441616f13f4d3bc759cf0c3b6ef2282c2c3ca8d2d2971d25e4d6471e9a38a3fd12c60230bf8d6007037dac2d96267aca198c	8633a873-f147-4aba-9786-6f45f1e6bf6c	2023-05-09 14:10:26.014	2023-05-09 14:10:26.014
0e440e59-3458-46b5-a971-20407e416bee	356aa3c9ea108ab648def51d2e09236027b33ae18ee745fd62d00e270ee053093118961b85dcdf6800f44e236f6d4f81b096cefafc673de38860926928891959	8633a873-f147-4aba-9786-6f45f1e6bf6c	2023-05-09 14:10:31.258	2023-05-09 14:10:31.258
088444b9-84d3-41cb-b9a4-e2a32d41f58c	b238bb8964d2702293ef86a44663172fc1a5c577cd07f19a3033ee7e14e615a8963ae7be939fed5db589a3193cd70e1133983f77e3db0b33f8fd358f9938daf7	8633a873-f147-4aba-9786-6f45f1e6bf6c	2023-05-09 14:11:16.383	2023-05-09 14:11:16.383
7343a146-4cc5-4c46-ad3f-2fa14bd4a7f6	88e4136201e0f0890ad84f75479407b213958fb59dfba56289e865f277260cbdca4113ce3f2b6a1dfc6826ceed3181e87e5c6b0ae023311a53ab2b7c37d1f1e2	8633a873-f147-4aba-9786-6f45f1e6bf6c	2023-05-09 14:12:12.143	2023-05-09 14:12:12.143
c3eb817d-625b-41aa-b1d9-bbc40e3b76af	8f0a290d377953251dcad08c83fd9fb474243b5fef90e482c7d4a10e4eb95d148cea1cb987f328b648de0d3d3b930590b01808becbe458d9cb7726c026f26790	8633a873-f147-4aba-9786-6f45f1e6bf6c	2023-05-09 14:12:28.411	2023-05-09 14:12:28.411
b1a0e906-e6ce-47f3-b923-bf92d0797a61	242e94ba1c497aaa669a8a7048886bc8e97286bf35fe3010f49f32d95f9b3c05e06b7e2233bb8689c77cdf4e0bb4c9630e91f5179783a3341b7dfe487a315aeb	8633a873-f147-4aba-9786-6f45f1e6bf6c	2023-05-09 14:21:12.999	2023-05-09 14:21:12.999
d3c6b6f4-c2ed-40c5-8658-8035aedfc10a	7bbe1a616f5cec093554444218b2f1df6130187eeacc00444bccbe782e850fb3cb865ee1b70129a7df0c6e25eb06f6f98152236f96119ea9f91759d527901300	8633a873-f147-4aba-9786-6f45f1e6bf6c	2023-05-09 14:21:21.32	2023-05-09 14:21:21.32
90993eb5-5818-4ea3-8d51-1cd10788dde4	bc61c07c1e242e362ada81467ccce2a363feec05a5398defbe42f010d48cb3fc5025c9404c774caae901ce1619423ea8dc66cd22720a29506424d18bd9dc53f6	8633a873-f147-4aba-9786-6f45f1e6bf6c	2023-05-09 14:23:53.702	2023-05-09 14:23:53.702
8605fae0-f9bc-4817-80d5-33086c5ffd09	d29f5cb7d2dd5ab6cd1527e872eaf55d7b45a73f9c676dbd09f68ab7a9696ca1f7bd3dae33ef0e7019e930d1d045caac12f905cdc1660a5d5147e644de5f352a	8633a873-f147-4aba-9786-6f45f1e6bf6c	2023-05-09 14:24:50.056	2023-05-09 14:24:50.056
2246d228-f533-4d13-b9c6-0cc48eeb80fc	3b16a0eb702ece2066b6370c90b974d99e912131c1ef175f73d8e14350da95e030f348fa1f486466cfe2cb89bef6615db6e13d27255cff4b080f15d1aa350001	8633a873-f147-4aba-9786-6f45f1e6bf6c	2023-05-09 14:25:59.249	2023-05-09 14:25:59.249
1bee7683-9f07-4b50-b1af-1b7dbb4f53a6	e52f1ffba591dd83027dd8a5a2e448908b0501fa54d390a01c65674b7e4301227ac5961b04c687a63f4b989576dbe78dc49096a604dec4d3f1b4e2b8486ae2ca	8633a873-f147-4aba-9786-6f45f1e6bf6c	2023-05-09 14:26:41.154	2023-05-09 14:26:41.154
f4bd00ff-a58f-456d-881b-b6093f8a27be	e3c08b739e7a0b31de324db38d9ccf878f330255e36ec8d659661be4913d69f5ee714c87751a6872f39f87b9601f89eb16348c6d2e481dbf4f7a445d8f1d5840	8633a873-f147-4aba-9786-6f45f1e6bf6c	2023-05-09 14:28:30.376	2023-05-09 14:28:30.376
6097a506-4cf0-4667-911a-a0c27c9d96c7	ccf1de173aef79d66f4644174a04c39c4369ce9ee75780672f8f8a88207ea771b19ab90f15e170e93cab1f3313e38cd01de716fe9ada5d3fdc303703af34d186	8633a873-f147-4aba-9786-6f45f1e6bf6c	2023-05-09 14:28:38.844	2023-05-09 14:28:38.844
5957696b-8840-434a-b4d7-91652faecfba	d47cf7dbb861022c69f9997c755e95df8ebd73a8cad02cdf585eb666c68b5b239dffdec77a9547fe21e3f0c2061dbed42e814236aace72c7673fb321e0f649d6	8633a873-f147-4aba-9786-6f45f1e6bf6c	2023-05-09 14:32:22.084	2023-05-09 14:32:22.084
3f94c159-5572-4cea-8300-41124db28ee9	cc8508894f1144bfdad4e75acb50b69b4d462af28d630f35815f5d40a1c943b35140edcc8341accab83d7f7d720073729d4c64876b82cd85e29ea756b750cc09	8633a873-f147-4aba-9786-6f45f1e6bf6c	2023-05-09 14:33:52.666	2023-05-09 14:33:52.666
0dcff930-63e0-4fff-a792-5dd7a6a0fd2b	d90918db0ab7d8235b09c74fc415bfc06eae6516f7493efb24c057f2b71b367b6fd0b2d38a171471fb93bd0cb9afe557ea88eecf09aee97d30731f9e793dae87	8633a873-f147-4aba-9786-6f45f1e6bf6c	2023-05-09 14:36:11.232	2023-05-09 14:36:11.232
e92d9496-bd72-4b79-9948-2e35d5de244a	946bba9d49c0e9991b3c52ebef5604eeaf7d2e015ac7fdbfed3975530bb211d7f565aa87576e00c4206b926666f32b9e6536878e6251d725b1f3a1a63d2b72e8	8633a873-f147-4aba-9786-6f45f1e6bf6c	2023-05-09 14:37:01.758	2023-05-09 14:37:01.758
1a56393a-829f-44f5-a8ee-60a64953cac8	ffe760427b569d1cb8a1f1536b1a3281bda620e75a1a4c381a1f56b590cdcc870b413e380bb0d6c3efc8feedfb082d29ae67517ccb694c12b18b0a3a482f2e1b	8633a873-f147-4aba-9786-6f45f1e6bf6c	2023-05-09 14:40:22.643	2023-05-09 14:40:22.643
7ed6fdd5-e01f-47ab-bb0b-a7d9003f8633	89b7b682cfbbee96cbeeb0db00b2fde9b1b3249fad6b2747fd12a8fac368c4a5f9abb3d823def34c1e45410798b05ad425d36b2d7e01dc1510557ce105289a62	8633a873-f147-4aba-9786-6f45f1e6bf6c	2023-05-09 14:41:05.265	2023-05-09 14:41:05.265
d1235dd4-1513-459e-b092-fdd9771b313c	ab342a60a2ca91db8fc411d357ffada9a3d5803a727546f40f53e21f2b5b9e8385c3c111816b5b22e9fa79e85459c3907cb8b57659ecea08e3ec3eec4ef0ef7d	8633a873-f147-4aba-9786-6f45f1e6bf6c	2023-05-09 14:42:41.698	2023-05-09 14:42:41.698
e60d1c74-088e-427e-a3c0-6775d2de3476	26b9510da34b282a0be7e3cd2ee2132b5612f4122d7f2d3c9c80b2a42ffee1f2f142e34eb473a832546eb449b119c525bd79a32ce2e253ef4b2ec5a8fe818ee2	8633a873-f147-4aba-9786-6f45f1e6bf6c	2023-05-09 14:49:45.389	2023-05-09 14:49:45.389
03f8fdec-0b13-4841-b24d-557f0857ad47	8edfddaa1f311a321ffc9d139a9ec1af93a00ced3586c87236f59c329b8774a978e8a4a8fe8dabdc39413c63e98651a3f1775a111f592ae0e54d86f1078c0c1f	8633a873-f147-4aba-9786-6f45f1e6bf6c	2023-05-09 14:50:27.165	2023-05-09 14:50:27.165
c45bdd10-c36f-4845-b1a0-d50757f356e6	7b4757d124457d25ba79d789526036c86c4d7dc1cb778a9fae858b3c4375dd0e8d1559dd78b09e050022ce81de1d7788a376d96a62521589d3e511d7609d35e4	8633a873-f147-4aba-9786-6f45f1e6bf6c	2023-05-09 14:58:11.562	2023-05-09 14:58:11.562
0776c079-1f0d-4ca0-8cde-af57ba6f6e5f	2d0a2c2e21b9e43f150d8338ac54e172f74eb49c1e011348c6c7d9212032d30756095ac4ad5c3ebfa617008e4a874b1483bd361764d9d711498890d3dfe3e270	8633a873-f147-4aba-9786-6f45f1e6bf6c	2023-05-09 15:21:56.371	2023-05-09 15:21:56.371
4721c1ee-9c02-4431-84f6-961911662bff	9a67bd1d4042e254e2b8cce14862afa3611b23b2533c787946cc22054c8430211e945c036fe876e8d6bbd2937196373fc75280d5c34cb3792af8caddf1e75fed	8633a873-f147-4aba-9786-6f45f1e6bf6c	2023-05-09 15:24:02.605	2023-05-09 15:24:02.605
b9e27152-f998-428f-a4d6-737daf8b2df6	f3e1ca22a6d4f14617f4fdf55665b775e5e4db094e55f87e8160b8beefe76c4720e650321a919e8c9986c11a77f42796754985b36965a0d834dc718bb1f38d7e	8633a873-f147-4aba-9786-6f45f1e6bf6c	2023-05-09 15:29:42.614	2023-05-09 15:29:42.614
ac641a18-3ab6-4ece-8392-5f48d5e8a05c	cd95a4ec21ac128242eee76b27bc8624932d882828ff0a758314d7218849de995781963b6dc3521e1c537749cd96eaaaef4d35682018a15dd51e793948859560	8633a873-f147-4aba-9786-6f45f1e6bf6c	2023-05-09 15:29:47.727	2023-05-09 15:29:47.727
e7c78e86-b8c6-4465-8f5e-74c3e9dd3580	2d4813bc3b2d350e77da18466e7d55c396cca98734386758549d595bb9ef5895d9a8e3b091748150fe13c74940d0d3289f2b4e5138d8d0fe43b4f4d649890594	8633a873-f147-4aba-9786-6f45f1e6bf6c	2023-05-09 16:21:45.308	2023-05-09 16:21:45.308
4694df9e-aa00-462b-bc31-16cae94163f1	7160c8da594f35cff377cbb55f6ca7f526769824927db16ee4ac2c1f07c21f14bda04cf7c2112ff89763b27c30257e0d52c07ab0dd946f6b39f8de1a1b6f294c	8633a873-f147-4aba-9786-6f45f1e6bf6c	2023-05-09 16:22:36.548	2023-05-09 16:22:36.548
0b2b9cf8-d569-4213-a064-37bee217620a	f6ed588b3614ac829705a374305d19b15610814f5ef35926be6f5637b8ed5cff1457bf1466350055cc33de9325178c79f51821e8d7868883abc37349652233ca	8633a873-f147-4aba-9786-6f45f1e6bf6c	2023-05-09 16:23:48.254	2023-05-09 16:23:48.254
2b58e20d-18a7-4172-bb34-5a0192b28e4d	602f83e22045dc76858e4c997ccd26072aa270f57205f6b633be6f098602a8ea63e47736202553adc3aeeccb3b72e8554c9c58feb4379973a6ac3bb8b3ed39b9	8633a873-f147-4aba-9786-6f45f1e6bf6c	2023-05-09 16:24:10.536	2023-05-09 16:24:10.536
cf422732-b45d-4492-a516-101310a63f2a	ec8b5789e34bdba09a57ca76ff405d277ed85d8d0687d494e8d432a3cb7803c707b9c7474b016064a4e9c4fc79f845e4fdf671b11d7ebeb94ae04de8adfaa443	8633a873-f147-4aba-9786-6f45f1e6bf6c	2023-05-09 16:26:27.093	2023-05-09 16:26:27.093
bc98f0e4-af53-4a7d-a063-a04fbf56f3e5	098c9940893d13725bc87c6cf36943d5ab7e482ec7f7259fb6439caf2c41026667a93876e69246447f6766a24354f78c74748589d87f8cb5b36f6c2d91957df9	8633a873-f147-4aba-9786-6f45f1e6bf6c	2023-05-09 16:26:45.598	2023-05-09 16:26:45.598
63abe706-85d6-4399-9da9-9153db28ad0d	04ee7b8226862bd53242eb1de69ef198060cab35b20c3dbbac66482d1775d7d0df25e23caa4dd50199f02674c4f538aefe087219cf413e4800d966bb50d6dc5d	8633a873-f147-4aba-9786-6f45f1e6bf6c	2023-05-09 16:28:02.193	2023-05-09 16:28:02.193
e96cf518-9be0-426d-a638-91f9dd61d0cd	5e2337b2092b4a244cea6967a4b747a0add8f9702f13732cee7f4d90e930bbb6b14412d6c8795384bb3b4f383ee2912687ea9c3b6acc09732da44c38e44076a0	8633a873-f147-4aba-9786-6f45f1e6bf6c	2023-05-09 16:29:52.098	2023-05-09 16:29:52.098
02623a50-48da-4e93-8f0d-350b913eb20a	5604bcad4a8267d0d31892668dccd918e630e797c8e27350a9d1a12e61ecf6b6d7b3788a12bfa324dd02de2871c807c9b159b6728d914e89214f5853b729bde5	8633a873-f147-4aba-9786-6f45f1e6bf6c	2023-05-09 16:29:56.434	2023-05-09 16:29:56.434
a57e0691-efe1-470e-84b2-1fcaee5253bd	81a24d2aee654104a0486e571723d2b5bdafc6d8b68993b63fd3daff2edff1ed099826653f61393915a9e58b41d19f02f868f3f73469ce98b0b42a7256c51c3f	8633a873-f147-4aba-9786-6f45f1e6bf6c	2023-05-09 16:30:09.671	2023-05-09 16:30:09.671
2156945e-7ebd-4feb-b9d0-2776d3ce7f98	fcf46e074d87fe353d98595037ece13a11c51d1b1243f7016758ce92e1635444dc82c0cf46f208dc521a8c8e1f8f6d58ccaaa4e9bdda474e364f3fa7775332b7	8633a873-f147-4aba-9786-6f45f1e6bf6c	2023-05-09 16:31:08.541	2023-05-09 16:31:08.541
17a61972-d7b3-4f2a-b799-47db3a3dddd1	b4612905f3c9b698e8bdf9eb70a42b2d743552bc4db6e53de4206ea7c327dc4174f2689626fd458e5cdbc4e84215f1c57a17a111a6f54c63b027ae99434d3a23	8633a873-f147-4aba-9786-6f45f1e6bf6c	2023-05-09 16:31:18.922	2023-05-09 16:31:18.922
27fdd535-e28d-4650-87e2-58845cc2f990	9e2d49342ab4fb0b3c4b1fdd70d564490712725905c16de4054131a8ee99897aa72efd59305e5f4eff17d957db0a14902ca696799a98b1ba1b1fdc77f8e21712	8633a873-f147-4aba-9786-6f45f1e6bf6c	2023-05-09 16:33:38.507	2023-05-09 16:33:38.507
eee9f95d-75be-41cc-98d0-db272d760778	013e92a5869e8422ef9962760a3a23619a7b57e4d998ce4dd79448cc9bddd63e8143a3fc1b7dc4711f62519ea1b5591638b9dd67273ca91212dae0d62678bb5b	8633a873-f147-4aba-9786-6f45f1e6bf6c	2023-05-09 16:34:44.019	2023-05-09 16:34:44.019
01df550b-e917-4266-88c4-950b1c59c0ac	136537671c7220dfc88e24d84ca263e8882129f53018db36743e1e694a7208fbfce54da407d2708086c9a9356c1e205bc515c9e17a4a58c33717bdd207a07be8	8633a873-f147-4aba-9786-6f45f1e6bf6c	2023-05-09 16:35:58.438	2023-05-09 16:35:58.438
834933e4-27de-4dc2-abe6-1951866203be	4e78f8c98eb6773ff0e6d69763c801a1efc4e22982acac0a4791932d47edaa820bcba3bb10c59c4e981ef5107ae41d03aad34103797a58abef531409131751ab	8633a873-f147-4aba-9786-6f45f1e6bf6c	2023-05-09 16:36:15.583	2023-05-09 16:36:15.583
4ffee977-7033-4472-b381-acdac3503415	06386515ab0000d178ef8aa3fa45983be6b5d210235da7f11c6d538e35a415b16857e9ce3bb5884f74e0ff5edb5d66f1448495cbcc06adf085780eb992084987	8633a873-f147-4aba-9786-6f45f1e6bf6c	2023-05-09 16:36:48.089	2023-05-09 16:36:48.089
203da13c-bbc9-455f-8c6c-17655980285e	9916a0932921b878d6d6450450e168068327b8c4f29e1eea3a94a480a931906214b1b3b538979d81c1ac96636de3574cfd8d6635c2b23f8fd41c10065f40dbbf	8633a873-f147-4aba-9786-6f45f1e6bf6c	2023-05-09 16:37:00.676	2023-05-09 16:37:00.676
0b2fc99d-71f2-44eb-aec6-585a469aa496	8557534dcab8cbe547a3f4ae43a71ac7b62cb6492dddc7d3a44c4c54c9fc4665b17c4a24a55fc0f4a2ab91e2eac35ba9d7ea19ef4e35ddec58bebbfa17be3721	8633a873-f147-4aba-9786-6f45f1e6bf6c	2023-05-09 16:38:25.385	2023-05-09 16:38:25.385
5b62c7d0-6319-406a-8d87-a3446b9fa6c9	5c36238f2cf35b4e49ab9cfce630dcaa987544f71c87348f660a3a031c6efa80a3bae87936399ad7b312c4c9aad405d5856db50d38e755bf9576fb74fb7b35f5	8633a873-f147-4aba-9786-6f45f1e6bf6c	2023-05-09 16:40:37.079	2023-05-09 16:40:37.079
23510eb3-8938-419c-8272-c3b77abce2c0	01dce9ebeba1e766723d89ff70f7822e0cbcd2c23627688171f64cbe15f8ebb7ff0e614b32ffbd7f8f47c9ce1aec4e0f589388d5aa73146611c8ab865c5d6c4b	8633a873-f147-4aba-9786-6f45f1e6bf6c	2023-05-09 16:41:03.873	2023-05-09 16:41:03.873
905c3d97-598a-43da-a796-827b8bce8dc3	748ac3c3dbb007b081fc7f66234933033de950d14eeefa9b77c3ee6ca3d8035e5b82f8e1d6b3fe186e81784143bae2711433ca89fcf73dae09aaeea42fa07724	8633a873-f147-4aba-9786-6f45f1e6bf6c	2023-05-09 16:41:05.364	2023-05-09 16:41:05.364
85ebf8fb-0f05-4a23-b593-1423eb5cdf7f	fc3952a9b2232ab192ca8e9c3bf608146868ab5acac2c392b28460737e1f9cf40ffcc68044105df724432a6028323f4a8aae2aa62a8ea225075497c14db20d48	8633a873-f147-4aba-9786-6f45f1e6bf6c	2023-05-09 16:41:18.591	2023-05-09 16:41:18.591
1687ac3c-394b-49b5-a072-9ecbdf451d0a	3877f4f2c4fa6d6637a181bd5b13f4923d93e01ee3e7384f8aee64573147bef88370940ef8b5657b17ab6be423307d34d64cda8fdcb255e802a2d6bc0e565ec5	8633a873-f147-4aba-9786-6f45f1e6bf6c	2023-05-09 16:42:06.459	2023-05-09 16:42:06.459
35d440db-30ef-4d5a-aca8-a42956efab64	8096a7c09d718ad9ce2af5fd3a6d77f798809a1b800130feb5ecde410e28ad15a1fbcc96221c6a8ff78faf4f480531fe5951722ad99d8b1bab3e41a1b90224a8	8633a873-f147-4aba-9786-6f45f1e6bf6c	2023-05-09 16:42:53.46	2023-05-09 16:42:53.46
eb925991-ff41-413c-9593-f04ad10db8f4	b3e3f29c70dbffa474016e6d7fec71f49594a560d1d82d1a4228299a31163dc1607991bb6ce0bb8f115677de5986ead0fa923cd9415c8888c3d1acf74e468e70	8633a873-f147-4aba-9786-6f45f1e6bf6c	2023-05-09 16:43:54.925	2023-05-09 16:43:54.925
03851fda-2bbf-4c50-888f-b546f75e5d94	3f01abf0815c25d2cbc2769316e33725feab68cbd99a993541ccce4bfa4054001d8bcff3bce62bbdfacd36cbfecfa4b8efba8e77fddc78f2eb3cb70cd34fb79d	8633a873-f147-4aba-9786-6f45f1e6bf6c	2023-05-09 16:51:50.676	2023-05-09 16:51:50.676
ef0e534c-6016-449d-b6a0-b4940f8a1388	0ef3a0052dc9bc2d12586d5c303e591366534b23401ab60d755673226d23814556215f7a001d39d3dbd7b791cb4a0b5193b5c986e15e5ae5d12ffba06a42df88	8633a873-f147-4aba-9786-6f45f1e6bf6c	2023-05-09 16:51:50.71	2023-05-09 16:51:50.71
bc94050f-0f37-4558-9cb9-3ef3cda55aff	29a79735177305338641d5ff409b43e6c343c9ab8a66c0f965fa7c803201494c273bd6136980e90d66cc054b42ec56d1afd86196380584ac0e0ef52b143d8b34	8633a873-f147-4aba-9786-6f45f1e6bf6c	2023-05-09 16:52:53.192	2023-05-09 16:52:53.192
9fc0d088-db2c-4713-9e12-c0c385819b25	67c1ac54daa361786e12d052969453bd770d5b30d2ac034155ef773f4b3b17906cb2f7433b525f13b69ef3f19972e888aa092b503fd6d31318843cd1185c7fae	8633a873-f147-4aba-9786-6f45f1e6bf6c	2023-05-09 16:53:02.477	2023-05-09 16:53:02.477
81fe9b31-aec5-428b-96c6-af91d0ccfbb3	e6bd3f8ea5490ad265a2386b5010f8e399b89eb834d35e41736e4aa670ee89355eddb8030d60836b736a3c1a80c5817e6e85e24f0ef1d400a6b7b1e6f3a28ac4	8633a873-f147-4aba-9786-6f45f1e6bf6c	2023-05-09 16:53:53.101	2023-05-09 16:53:53.101
d84f8174-359c-4fff-8453-bb723d56d5c8	2e9e04602cf43f3b3b0ab729a5a4b17d37aaf152bd7127a6981561ef8dff455d8ec63dbf9ff5fc608121c535930e1872c0aa3239a019640570f623d83e28eb4a	8633a873-f147-4aba-9786-6f45f1e6bf6c	2023-05-09 16:54:05.606	2023-05-09 16:54:05.606
5c0f8fa9-61af-4825-a893-ad3d342d81a7	e71675b6fb8d00c1e25c73dac394584807d50276e52ed6290b27856b6b55e462bf0eb823688f604b6b9304c55c1f3b6cafac8f83f19e46d153703eccb3ceb892	8633a873-f147-4aba-9786-6f45f1e6bf6c	2023-05-09 16:54:39.434	2023-05-09 16:54:39.434
b94c842f-1f27-48b2-9bc6-2d2be73e6721	9b938bfc73b66c73bbb300d0cff1e59c6a1f33ba8d9b3579c97c1f4cedfb4a22b0a62219912490ceb50e389f6b62674e2d77b7bda8c40b66e66946504f699ecd	8633a873-f147-4aba-9786-6f45f1e6bf6c	2023-05-09 16:54:42.131	2023-05-09 16:54:42.131
689a09b0-b04e-4878-8d96-5d175de84d12	2d9c25e2ca0ad4be3ca2e35a68f763a33cbca4c903121a3b8bd7b36faaa6778dfac9bcf7bb14ffa139dd63a48cf63dc63677371fe9cb14e63a49dbef232b4494	8633a873-f147-4aba-9786-6f45f1e6bf6c	2023-05-09 16:54:51.392	2023-05-09 16:54:51.392
745bb0e7-ae24-4378-97f6-41d63b1cc3de	a75db00f64cd249704a7a5df4db4300bb2ca34149dc5234007b31fe3839c59387c57818c04786411742bbece9102a9f2f622479ae9c84808cc433588cb3c795c	8633a873-f147-4aba-9786-6f45f1e6bf6c	2023-05-09 16:59:05.243	2023-05-09 16:59:05.243
1af3d5dc-f18e-4706-ab67-b2c6ed048bc0	2cc71c16f3d06c3050a4aac39357f85070f4e104f65a81ce805c795bd67b05df27cab70bda6a7c2b67ac5c7cdcf279bbe09e1aa6faf26ccbf796c4bfb2ccb59d	8633a873-f147-4aba-9786-6f45f1e6bf6c	2023-05-09 16:59:13.197	2023-05-09 16:59:13.197
bac92655-b2e9-4dc0-87f6-4aee3ddbfef3	771f718cb3731e66ef42ccc065a10a638772875eb03150c9c8788edc36632da893c4abe93141a3d8153fdb17106429c5320ac2583fff639d3e4d9d51bfa30063	8633a873-f147-4aba-9786-6f45f1e6bf6c	2023-05-09 16:59:21.365	2023-05-09 16:59:21.365
38fff5df-deaa-4767-8290-ec5f299927b6	e5dad2bb8724d4dbece0d8f2de9180da5a5242b34e11b87f91c280bbbdfb8aa730795b0a03bbb3beeecb668ed63b2ee66905cb9c4685f702491ca1469280d029	8633a873-f147-4aba-9786-6f45f1e6bf6c	2023-05-09 17:00:22.467	2023-05-09 17:00:22.467
39ce675c-ab95-46a6-af65-4abf12d5e306	82972127885f83805356f4dc1026936dde7cecce33efae68d0942550b665bd989dcb42091a5bc27f0926fd0b230d342e0f5d82421b6d44a07a9171f0c00bb049	8633a873-f147-4aba-9786-6f45f1e6bf6c	2023-05-09 17:00:41.986	2023-05-09 17:00:41.986
d88d0860-d5f0-4ac3-a35e-8cc0c6f13bb1	c7e8b3463972652e939d68ab48e2e753ee70cb0ec1ec392ff829aa8a98c0ad4801979f9fbdb516fd2589996b3b70c2862e4657571c3168f981d905c7c4657c8f	8633a873-f147-4aba-9786-6f45f1e6bf6c	2023-05-09 17:01:17.885	2023-05-09 17:01:17.885
7df87e42-8cfd-4881-8691-fb97fa235e93	0f56158024a45067f8f7c3adeeb1b3dc96c4bf03898681c1375e6667848905f82277a59e7994f3f436aa3b8e796629da42b1950d42d975dff045d2f946bd3a11	8633a873-f147-4aba-9786-6f45f1e6bf6c	2023-05-09 17:01:25.473	2023-05-09 17:01:25.473
37a2d13a-e80d-4552-b6c6-8d19136852d7	2789c01f992e5f9c9193e4facfdd6dc28360b4f6eca097790e459c0536ba2288de3ae61bf036a3913ebfc72aa0e995ebed2cbe1ebc112cb659c909c915a43392	8633a873-f147-4aba-9786-6f45f1e6bf6c	2023-05-09 17:03:19.96	2023-05-09 17:03:19.96
03c309c1-d527-45ce-b120-c4405681cc36	8d6c20387790dbabba96271c73bd1423652e6b01be4381558dc204d27cec5d54e44c11fb3b9f7f4e382f46bafca22332d8565cf85875769ca312f8e9ba160b90	8633a873-f147-4aba-9786-6f45f1e6bf6c	2023-05-09 17:03:54.495	2023-05-09 17:03:54.495
2f7e5a1c-afa0-42fb-9e92-ffeb2f3769e6	d883f395710ef9c630a148ff51db0b95d3b2890d490b38bea1391f0336098f38e761737d3938cb133555ca39856eb5e20c44b03130ed9d975e8c0cfe352fd662	8633a873-f147-4aba-9786-6f45f1e6bf6c	2023-05-09 17:07:52.091	2023-05-09 17:07:52.091
\.


--
-- TOC entry 3366 (class 0 OID 16407)
-- Dependencies: 215
-- Data for Name: User; Type: TABLE DATA; Schema: public; Owner: fox
--

COPY public."User" (id, password, "createdAt", email, "updatedAt") FROM stdin;
f33dde91-7c77-426e-885d-7547f9fdac68	$2b$10$52c36u9pTBngSUjFTf9sM.YmOySzKnjJKgU3vMe37L4QF9dcv7dQu	2023-05-05 08:58:57.001	test	2023-05-05 08:58:57.001
8633a873-f147-4aba-9786-6f45f1e6bf6c	$2b$10$RIsiRUoLAiqIx7eHl6pYduTVf65fVYWy.g.1hPSV1sy5OZDEa8dB.	2023-05-06 15:46:10.155	test@mail.ru	2023-05-06 15:46:10.155
\.


--
-- TOC entry 3365 (class 0 OID 16395)
-- Dependencies: 214
-- Data for Name: _prisma_migrations; Type: TABLE DATA; Schema: public; Owner: fox
--

COPY public._prisma_migrations (id, checksum, finished_at, migration_name, logs, rolled_back_at, started_at, applied_steps_count) FROM stdin;
987d7bb8-1c48-4a0e-afa1-a23d04d1daad	7bf66c7ff2604510e5bae6367437ae660296326bfb735eee5fc110368e1bb639	2023-05-03 11:33:45.594834+00	20230503113345_init	\N	\N	2023-05-03 11:33:45.530179+00	1
\.


--
-- TOC entry 3215 (class 2606 OID 16456)
-- Name: Category Category_pkey; Type: CONSTRAINT; Schema: public; Owner: fox
--

ALTER TABLE ONLY public."Category"
    ADD CONSTRAINT "Category_pkey" PRIMARY KEY (id);


--
-- TOC entry 3218 (class 2606 OID 16463)
-- Name: Image Image_pkey; Type: CONSTRAINT; Schema: public; Owner: fox
--

ALTER TABLE ONLY public."Image"
    ADD CONSTRAINT "Image_pkey" PRIMARY KEY (id);


--
-- TOC entry 3212 (class 2606 OID 16449)
-- Name: Product Product_pkey; Type: CONSTRAINT; Schema: public; Owner: fox
--

ALTER TABLE ONLY public."Product"
    ADD CONSTRAINT "Product_pkey" PRIMARY KEY (id);


--
-- TOC entry 3208 (class 2606 OID 16433)
-- Name: RefreshToken RefreshToken_pkey; Type: CONSTRAINT; Schema: public; Owner: fox
--

ALTER TABLE ONLY public."RefreshToken"
    ADD CONSTRAINT "RefreshToken_pkey" PRIMARY KEY (id);


--
-- TOC entry 3205 (class 2606 OID 16418)
-- Name: User User_pkey; Type: CONSTRAINT; Schema: public; Owner: fox
--

ALTER TABLE ONLY public."User"
    ADD CONSTRAINT "User_pkey" PRIMARY KEY (id);


--
-- TOC entry 3201 (class 2606 OID 16403)
-- Name: _prisma_migrations _prisma_migrations_pkey; Type: CONSTRAINT; Schema: public; Owner: fox
--

ALTER TABLE ONLY public._prisma_migrations
    ADD CONSTRAINT _prisma_migrations_pkey PRIMARY KEY (id);


--
-- TOC entry 3213 (class 1259 OID 16466)
-- Name: Category_id_key; Type: INDEX; Schema: public; Owner: fox
--

CREATE UNIQUE INDEX "Category_id_key" ON public."Category" USING btree (id);


--
-- TOC entry 3216 (class 1259 OID 16467)
-- Name: Image_id_key; Type: INDEX; Schema: public; Owner: fox
--

CREATE UNIQUE INDEX "Image_id_key" ON public."Image" USING btree (id);


--
-- TOC entry 3209 (class 1259 OID 16464)
-- Name: Product_id_key; Type: INDEX; Schema: public; Owner: fox
--

CREATE UNIQUE INDEX "Product_id_key" ON public."Product" USING btree (id);


--
-- TOC entry 3210 (class 1259 OID 16465)
-- Name: Product_imageId_key; Type: INDEX; Schema: public; Owner: fox
--

CREATE UNIQUE INDEX "Product_imageId_key" ON public."Product" USING btree ("imageId");


--
-- TOC entry 3206 (class 1259 OID 16434)
-- Name: RefreshToken_id_key; Type: INDEX; Schema: public; Owner: fox
--

CREATE UNIQUE INDEX "RefreshToken_id_key" ON public."RefreshToken" USING btree (id);


--
-- TOC entry 3202 (class 1259 OID 16436)
-- Name: User_email_key; Type: INDEX; Schema: public; Owner: fox
--

CREATE UNIQUE INDEX "User_email_key" ON public."User" USING btree (email);


--
-- TOC entry 3203 (class 1259 OID 16435)
-- Name: User_id_key; Type: INDEX; Schema: public; Owner: fox
--

CREATE UNIQUE INDEX "User_id_key" ON public."User" USING btree (id);


--
-- TOC entry 3222 (class 2606 OID 16499)
-- Name: Category Category_imageId_fkey; Type: FK CONSTRAINT; Schema: public; Owner: fox
--

ALTER TABLE ONLY public."Category"
    ADD CONSTRAINT "Category_imageId_fkey" FOREIGN KEY ("imageId") REFERENCES public."Image"(id) ON UPDATE CASCADE ON DELETE SET NULL;


--
-- TOC entry 3220 (class 2606 OID 16468)
-- Name: Product Product_categoryId_fkey; Type: FK CONSTRAINT; Schema: public; Owner: fox
--

ALTER TABLE ONLY public."Product"
    ADD CONSTRAINT "Product_categoryId_fkey" FOREIGN KEY ("categoryId") REFERENCES public."Category"(id) ON UPDATE CASCADE ON DELETE CASCADE;


--
-- TOC entry 3221 (class 2606 OID 16490)
-- Name: Product Product_imageId_fkey; Type: FK CONSTRAINT; Schema: public; Owner: fox
--

ALTER TABLE ONLY public."Product"
    ADD CONSTRAINT "Product_imageId_fkey" FOREIGN KEY ("imageId") REFERENCES public."Image"(id) ON UPDATE CASCADE ON DELETE CASCADE;


--
-- TOC entry 3219 (class 2606 OID 16437)
-- Name: RefreshToken RefreshToken_userId_fkey; Type: FK CONSTRAINT; Schema: public; Owner: fox
--

ALTER TABLE ONLY public."RefreshToken"
    ADD CONSTRAINT "RefreshToken_userId_fkey" FOREIGN KEY ("userId") REFERENCES public."User"(id) ON UPDATE CASCADE ON DELETE CASCADE;


--
-- TOC entry 3377 (class 0 OID 0)
-- Dependencies: 5
-- Name: SCHEMA public; Type: ACL; Schema: -; Owner: fox
--

REVOKE USAGE ON SCHEMA public FROM PUBLIC;


-- Completed on 2023-05-09 17:48:18 UTC

--
-- PostgreSQL database dump complete
--

